职位名称,名称,地点,分类,时间,工作内容
WXG07-广研-QQ邮箱web前端开发工程师,WXG ," 广州,中国 ", 技术 ,2021/10/5,"1. 负责「QQ 邮箱」各类前端项目(Web&Webview、小程序、微信插件、浏览器插件等)的开发工作，也可承担部门下新产品的研发工作；
2. 支持前端工程化建设、前端项目性能优化等；
2. 不断打磨邮箱下各个子业务的产品功能，提供更优质的服务给到用户；"
WXG02-微信视频号后台开发工程师（广州/深圳）,WXG ," 广州,中国 ", 技术 ,2021/10/5,"1. 视频号直播基础功能、玩法体验等系统的搭建与优化；
2. 视频号基础功能、运营体系、用户增长体系开发与优化；
3. 视频号 feed 流基础体验优化与性能优化。"
26699-智慧零售研发中心高级前端研发工程师（深圳）,CSIG ," 深圳,中国 ", 技术 ,2021/10/5,"负责智慧零售（ToB）相关小程序、管理后台、Node层开发工作，包括业务开发、框架组件开发以及性能优化等，与团队共同打造精益求精的产品；
积极关注研究前端新技术，推动团队持续提升技术能力，软件质量和研发效率。"
26699-智慧零售数据中台技术副总监,CSIG ," 深圳,中国 ", 技术 ,2021/10/5,"1． 负责智慧零售数据中台技术体系的构建，包括数据接入存储平台、数据处理分析平台、数据营销和经营分析平台、商品库及商品管理平台、商品推荐搜索平台的建设。
2． 负责智慧零售数据中心技术团队的管理，带领团队支撑腾讯有数和商品中台产品服务能力的建设，以及负责零售数据中台前沿技术方向的规划与落地。"
22989-视频编解码算法工程师（深圳）,CSIG ," 深圳,中国 ", 技术 ,2021/10/5,"1、参与视频编解码内核的实现和优化，包括H.264,H.265, AV1等；
2、研究编解码快速算法，实现新工具和特性，优化工程实现，提高编解码器画质和速度;
3、结合腾讯会议视频方案，实现视频编码器特性，如SVC、ROI等;
4. （可选）参与编解码相关研究及AI结合研究，如 高清低码、感知编码、ROI、视频编码损伤恢复等;
5、（可选）参与视频编解码算法的汇编优化，包括x86平台及客户端ARM平台指令集优化。"
22989-视频编解码算法工程师,CSIG ," 北京,中国 ", 技术 ,2021/10/5,"1、参与视频编解码内核的实现和优化，包括H.264,H.265, AV1等；
2、研究编解码快速算法，实现新工具和特性，优化工程实现，提高编解码器画质和速度。
3、结合腾讯会议视频方案，实现视频编码器特性，如SVC、ROI等。
4. （可选）参与编解码相关研究及AI结合研究，如 高清低码、感知编码、ROI、视频编码损伤恢复等。
5、（可选）参与视频编解码算法的汇编优化，包括x86平台及客户端ARM平台指令集优化；"
22989-腾讯会议视频研发高级工程师（视频核心质量优化）,CSIG ," 深圳,中国 ", 技术 ,2021/10/5,"1. 负责腾讯会议核心质量及体验优化，包括 性能、画质、弱网性能、成本、延时、音画同步、首屏速度等;
2. 结合采集、编解码、传输、前后处理、AI 等技术，深入系统探寻优化方案，跟进并落地方案，提升视频核心体验。"
40931-三维重建SLAM算法高级工程师,CSIG ," 北京,中国 ", 技术 ,2021/10/5,"负责多传感器融合的SLAM算法开发；
负责数字孪生场景自动生成算法；
负责数字孪生采集车定位算法开发。"
40836-Data Scientist(数据科学家),PCG ," 北京,中国 ", 技术 ,2021/10/5,"1.利用海量结构/非结构化数据挖掘用户行为，通过数据科学的方法积极寻找提升用户体验的增长点；
2.与工程师及其他数据科学家一起设计构建创新的实验平台，以提升研发效能，推动数据驱动文化；
3.研究，测试并落地新的实验方法。部署统计、机器学习模型帮助决策；
4.能把复杂的概念及数据洞察通过清晰有效的方式在跨团队合作中沟通。"
WXG10-企业微信后台开发工程师（成都）,WXG ," 成都,中国 ", 技术 ,2021/10/5,负责企业微信应用类后台系统开发/维护/运营工作
WXG10-117 企业微信iOS移动客户端开发工程师,WXG ," 成都,中国 ", 技术 ,2021/10/5,负责企业微信iOS客户端功能模块开发工作。
WXG10-企业微信PC端开发工程师（成都）,WXG ," 成都,中国 ", 技术 ,2021/10/5,"从事Windows平台下的应用程序开发工作； 
开发企业微信等PC的产品。"
WXG10-企业微信（高级）后台开发-政务方向,WXG ," 广州,中国 ", 技术 ,2021/10/5,"负责企业微信大型政府单位及超大型央企方向的后台功能开发和性能优化。
探索大型政府单位跨行政区划互联互通及混合云技术方案。"
WXG10-企业微信iOS客户端开发工程师-政务方向,WXG ," 广州,中国 ", 技术 ,2021/10/5,"从事企业微信―政务版的iOS客户端开发维护工作；
负责百万组织架构规模企业或政府单位私有化部署的客户端功能开发和性能优化;
探索多端融合的跨平台开发方向。"
WXG10-企业微信高级分布式架构后台开发工程师（广州）,WXG ," 广州,中国 ", 技术 ,2021/10/5,负责企业微信核心系统的架构设计和开发；负责分布式存储/数据库、消息队列、分布式事务、票据系统、网络框架等基础设施的研发
WXG10-企业微信基础应用后台开发工程师（广州）,WXG ," 广州,中国 ", 技术 ,2021/10/5,负责企业微信应用类后台系统开发、核心系统的架构设计和开发、基础设施研发等
WXG10-企业微信基础应用高级后台开发工程师（广州）,WXG ," 广州,中国 ", 技术 ,2021/10/5,负责企业微信应用类后台系统开发、核心系统的架构设计和开发、基础设施研发等
WXG10-企业微信Android客户端开发工程师-政务方向,WXG ," 广州,中国 ", 技术 ,2021/10/5,"从事企业微信―政务版的Android客户端开发维护工作；
负责百万组织架构规模企业或政府单位私有化部署的客户端功能开发和性能优化；
探索多端融合的跨平台开发方向。"
WXG10-企业微信PC端开发工程师（广/深/成）（深圳）,WXG ," 深圳,中国 ", 技术 ,2021/10/5,"从事Windows平台下的应用程序开发工作，开发企业微信等PC的产品；

工作地：深圳，广州，成都皆可"
WXG10-企业微信数据分析师（广/深/成）-广州,WXG ," 广州,中国 ", 技术 ,2021/10/5,"负责企业微信业务的数据相关工作； 
监控大盘与竞品数据和波动，分析原因，洞察空间；
基于业务理解，支持产品、行业、运营业务线的核心策略分析，评估健康度，指导业务决策； 
负责专项分析，通过算法优化，实现用户增长或产品体验优化； "
WXG10-企业微信PC端开发工程师（广/深/成）（广州）,WXG ," 广州,中国 ", 技术 ,2021/10/5,"从事Windows平台下的应用程序开发工作，开发企业微信等PC的产品；

工作地：深圳，广州，成都皆可"
WXG10-113 企业微信后台开发高级工程师（成都）,WXG ," 成都,中国 ", 技术 ,2021/10/5,负责企业微信基础业务与应用功能的后台开发/维护工作
WXG10-企业微信技术合作中心web前端开发工程师（广州/成都）,WXG ," 广州,中国 ", 技术 ,2021/10/5,"1. 负责企业微信第三方平台的前端开发及性能优化工作
2. 支持企业微信对外开放能力的前端开发工作
3. 支持前端工程化建设，包括流程、规范、工具的建设等。"
WXG10-企业微信web前端开发工程师(广州),WXG ," 广州,中国 ", 技术 ,2021/10/5,"负责企业微信Web前端开发和优化工作；
支持前端工程化建设，包括流程、规范、工具的建设等。"
WXG10-113 企业微信后台开发工程师（广州）,WXG ," 广州,中国 ", 技术 ,2021/10/5,负责企业微信应用类后台系统开发/维护/运营工作。
WXG10-企业微信iOS移动客户端开发工程师（广州/深圳）（广州）,WXG ," 广州,中国 ", 技术 ,2021/10/5,负责企业微信iOS客户端功能模块开发工作。
WXG10-企业微信数据分析师（成都）,WXG ," 成都,中国 ", 技术 ,2021/10/5,"负责企业微信业务的数据相关工作； 
监控大盘与竞品数据和波动，分析原因，洞察空间；
基于业务理解，支持产品、行业、运营业务线的核心策略分析，评估健康度，指导业务决策； 
负责专项分析，通过算法优化，实现用户增长或产品体验优化； "
WXG10-企业微信终端开发（iOS/Mac）（成都）,WXG ," 成都,中国 ", 技术 ,2021/10/5,负责企业微信跨平台底层开发 以及 iOS\mac版本开发
WXG10-企业微信终端开发（iOS/Mac）（广州）,WXG ," 广州,中国 ", 技术 ,2021/10/5,负责企业微信跨平台底层开发 以及 iOS\mac版本开发
WXG10-企业微信基础应用后台开发工程师（成都）,WXG ," 成都,中国 ", 技术 ,2021/10/5,负责企业微信应用类后台系统开发、核心系统的架构设计和开发、基础设施研发等
WXG10-企业微信Web前端开发工程师（成都）,WXG ," 成都,中国 ", 技术 ,2021/10/5,"负责企业微信Web前端开发和优化工作；
支持前端工程化建设，包括流程、规范、工具的建设等。"
WXG10-113 企业微信技术合作中心后台开发工程师（广州）,WXG ," 广州,中国 ", 技术 ,2021/10/5,负责企业微信开放相关的后台研发工作，包括第三方生态建设、硬件对接等的研发与优化工作。
18428-Java研发专家,CDG ," 深圳,中国 ", 技术 ,2021/10/5,"1. 引领FiT Java开发体系的建设，扩大Java在FiT内部的使用范围；
2. 对Java的技术进行跟进研究，尤其是在新技术应用、性能优化、微服务、云原生等方面；
3. 承担FiT内部业务框架、业务组件、业务公共库的建设；
4. 承担FiT内部Java项目技术攻关、技术重构、问题定位等工作；
5. 参与FiT内部系统架构选型与优化等关键方案的决策；"
18428-业务安全架构师,CDG ," 深圳,中国 ", 技术 ,2021/10/5,"负责腾讯金融业务安全体系化建设工作，主要包含如下职责：
1. 配合金融业务架构云原生架构升级的总体战略目标，基于零信任安全模型，对金融业务研发流程和系统安全架构进行重构，持续提升金融业务的研发和运营过程中的安全；
2. 负责金融业务系统安全架构设计，确保系统的资金和数据安全、合规安全和隐私保护相关的需求设计和落地；
3. 基于云原生的思想和金融业务合规的相关要求，规划和设计互联网金融业务公共安全平台和体系，满足金融业务公共安全需求，避免业务的安全需求重复开发；"
18428-效能研发管理,CDG ," 深圳,中国 ", 技术 ,2021/10/5,"负责腾讯金融研发管理体系的建设和管理工作，持续提升金融业务研发整体效能和技术先进性，主要职责有：
1. 负责腾讯金融整体技术研发管理体系和流程的优化，包括研发团队架构和基础技术架构的持续优化也演进；
2. 站在全局视野的高度，对DevOps一体化研发体系、基础架构（公共组建、平台和中间件）、公共研发平台以及一体化运营平台进行整体规划和设计，提升整体研发效率和交付质量；
3. 协调研发各个团队，对研发过程进行持续改进，实现研发效能的持续改进，保持研发管理体系和基础技术体系的先进性；"
WXG03-微信小程序&公众号后台开发工程师（广州）,WXG ," 广州,中国 ", 技术 ,2021/10/5,"负责微信小程序与公众号两大开放平台运营体系的建设，包括但不限于：
1、海量运营安全系统、基础组件的建设
2、对C端、对B端的业务功能开发"
WXG01-微信视频号大数据开发工程师,WXG ," 广州,中国 ", 技术 ,2021/10/5,"负责微信基础产品和视频号的平台和运营能力建设；
参与微信基础产品和视频号的数据平台设计和搭建；
参与微信产品核心数据的维护和监控；
参与微信基础数据服务框架的开发和维护；
参与微信视频号业务的数据开发运营工作。"
WXG08-搜索算法高级研究员（广州/深圳）,WXG ," 广州,中国 ", 技术 ,2021/10/5,"负责微信搜索数据质量控制，热点挖掘，视频搜索相关业务的研发和优化，包括但不限于作弊色情识别，新闻热点发现，视频搜索策略优化等。
负责微信搜索内容理解的研发和优化，包括但不限于视频内容理解，图片识别，文章/页面内容分析抽取等。"
WXG12-微信安全视频号直播数据分析师（广州）,WXG ," 广州,中国 ", 技术 ,2021/10/5,"参与微信直播安全审核相关的数据分析工作；
搭建直播审核数据监控体系，通过流程分析发现审核平台和内容模型问题，提出优化建议，推动业务流程改进迭代；
监测直播和审核业务的日常数据，关注数据波动并能够及时分析和解读数据异动。"
WXG12-微信安全数据平台研发工程师（广州）,WXG ," 广州,中国 ", 技术 ,2021/10/5,"负责大数据实时数仓、实时计算系统的研发；
负责微信安全业务的数据开发和运营工作；
负责大数据分析平台的开发和运营工作。"
WXG02-微信终端测试开发工程师（北京）,WXG ," 北京,中国 ", 技术 ,2021/10/5,负责测试秒剪App，开发测试工具； 设计具有高扩展性、强可靠性、高性能的测试框架； 优化软件开发周期，提升研发效能，推动内建的产品质量； 测试方法/工具的创新。
WXG02-微信监控平台开发工程师（广州）,WXG ," 广州,中国 ", 技术 ,2021/10/5,"负责微信运营监控系统的开发、维护，包括：
1、负责监控日志收集、日志处理、数据存储平台的开发、维护。
2、负责监控算法、监控告警平台的开发、维护。
3、负责监控数据展示、故障处理等前端页面的开发、维护。"
WXG12-微信应用运维安全工程师（广州）,WXG ," 广州,中国 ", 技术 ,2021/10/5,"对线上业务进行安全风险评估、安全测试。
负责安全事件应急响应，分析跟踪事件，定位问题并制定解决方案。
推动系统安全问题的解决方案及落地工作。
进行数据生命周期安全建设，梳理安全风险及推进治理"
WXG02- 微信（高级）数据分析师,WXG ," 深圳,中国 ", 技术 ,2021/10/5,"1.负责业务基础数据建设，优化完善事件上报、指标体系和数据仓库，建立完备高效的数据体系；
2.负责业务指标数据日常监控、异动分析、实验分析以及专项分析，提供深度的业务insight和策略优化举措，进而推动落地闭环。同时可沉淀分析方法与工具；
3.负责推进数据工具建设，协同工程团队搭建flink、clickhouse等实时/离线监控工具、敏捷分析平台、细查平台等数据应用产品；
4.持续关注所在业务所在行业动态、产品创新、内容流行，为决策者提供行业及战略布局的分析报告。"
WXG02-微信计算机视觉高级算法工程师（视频号）（深圳）,WXG ," 深圳,中国 ", 技术 ,2021/10/5,负责微信视频拍摄和剪辑方向相关的计算机视觉的算法研发，以及在视频号、朋友圈、直播等具体业务场景的落地。
WXG02-微信计算机视觉高级算法工程师（视频号）（北京）,WXG ," 北京,中国 ", 技术 ,2021/10/5,负责微信视频拍摄和剪辑方向相关的计算机视觉的算法研发，以及在视频号、朋友圈、直播等具体业务场景的落地。
35948-联邦学习后台开发工程师,CSIG ," 深圳,中国 ", 技术 ,2021/10/5,"1. 负责腾讯联邦学习产品的后台架构设计、开发及持续优化
2. 提升相关系统运营，提升易用性、可用性、稳定性，助力业务更好的发展"
TEG02-SDN控制器开发工程师,TEG ," 北京,中国 ", 技术 ,2021/10/5,"基于SDN控制器平台opendaylight，开发java应用； 
使用java语言，开发各类网络、云业务模型，并根据网络原理对业务进行编排及控制网络设备；
研究业界最新技术及其应用，解决创新研发过程中的关键问题和技术难点； 
根据项目任务计划按时完成软件编码和单元测试工作； 
按照开发流程编写相应模块的设计文档； 
与产品经理、测试工程师、其他团队沟通合作，保证产品研发工作的质量和进度； 
协调或指导团队里其它开发人员的工作。"
TEG02-NFV网络研发工程师（深圳）,TEG ," 深圳,中国 ", 技术 ,2021/10/5,"负责NFV网络系统研发，主要包括分析业务应用场景、制定NFV网络解决方案、完成开发实现、实现与业务系统的对接落地；
负责推动NFV技术在腾讯网络环境落地应用；
负责研究高性能包处理框架的实现机制，并持续优化产品架构及方案；
负责跟进研究业界NFV动态，牵引产品演进方向。"
TEG02-NFV网络研发工程师（北京）,TEG ," 北京,中国 ", 技术 ,2021/10/5,"负责NFV网络系统研发，主要包括分析业务应用场景、制定NFV网络解决方案、完成开发实现、实现与业务系统的对接落地；
负责推动NFV技术在腾讯网络环境落地应用；
负责研究高性能包处理框架的实现机制，并持续优化产品架构及方案；
负责跟进研究业界NFV动态，牵引产品演进方向。"
TEG02-SDN控制器开发工程师（深圳）（深圳）,TEG ," 深圳,中国 ", 技术 ,2021/10/5,"基于SDN控制器平台opendaylight，开发java应用； 
使用java语言，开发各类网络、云业务模型，并根据网络原理对业务进行编排及控制网络设备；
研究业界最新技术及其应用，解决创新研发过程中的关键问题和技术难点； 
根据项目任务计划按时完成软件编码和单元测试工作； 
按照开发流程编写相应模块的设计文档； 
与产品经理、测试工程师、其他团队沟通合作，保证产品研发工作的质量和进度； 
协调或指导团队里其它开发人员的工作。"
TEG05-高级安全研究员 (自动化漏洞挖掘方向) (深圳),TEG ," 深圳,中国 ", 技术 ,2021/10/5,"1. 负责自动化漏洞挖掘技术的研究，包括动态fuzzing，符号执行，基于AI或机器学习对传统漏洞挖掘技术进行优化等
2. 将自动化漏洞挖掘技术在实战项目中应用并不断改善效果，尝试在腾讯产品中落地
3. 发表相关的学术界或工业界论文，提升技术影响力。"
TEG05-高级后台研发工程师（深圳）,TEG ," 深圳,中国 ", 技术 ,2021/10/5,主导腾讯lua虚拟机引擎开发，负责带领研发团队进行技术攻坚。 腾讯目前有越来越多的客户端（例如手游）采用lua做上层应用实现，而lua的字节码存在容易反编译等逆向风险，因此重新设计实现一套lua的虚拟机&编译器用以对抗lua的软件逆向变得尤为重要。 设计需考虑稳定性、高性能两个重要指标，需要在不同的硬件平台上得以稳定运行。
TEG05-DevSecOps安全运营架构师,TEG ," 深圳,中国 ", 技术 ,2021/10/5,"1、推动落地：结合腾讯实际业务情况，与公司其他团队协作来设计、推动实施及运营DevSecOps项目，提升业务研发安全能力；
2、安全研究：针对云原生以及DevOps中出现的风险进行安全研究，并且制定和实现可融入到DevSecOps流程的安全方案；
3、业界追踪：保持关注云原生安全及DevSecOps业界最新理念及安全动态、新安全技术及发展趋势，研究新技术在业务场景中的应用；
4、沉淀培训：形成技术知识的沉淀和分享，开展公司内交流和培训工作。"
TEG05-运营开发工程师（深圳）,TEG ," 深圳,中国 ", 技术 ,2021/10/5,"负责安全系统的研发效率、使用体验的提升及相关平台工具的建设。
负责部门安全领域数据管理平台的建设和运营。"
TEG05-广告转化高级后台研发,TEG ," 深圳,中国 ", 技术 ,2021/10/5,"负责效果广告系统转化后台架构设计与管理工作；
负责持续改善已有服务，优化系统薄弱点，理解产品业务，深入发掘和分析业务需求，主导架构设计及核心开发工作，推动技术不断升级，解决客户和平台问题；
参与完成转化闭环体系服务端建设；
参与持续优化广告转化效果，从营销转化视角寻求业务突破以及转化效果提升。
持续提升系统在高并发场景下的性能，同时能够主动及时发现系统潜在的技术风险并推动解决；"
TEG05-高级安全研究员 (漏洞挖掘研究方向),TEG ," 深圳,中国 ", 技术 ,2021/10/5,"1. 负责智能设备通信系统的安全攻防技术研究；
2. 负责进行源码或二进制漏洞的挖掘与利用，包括物联网设备、移动平台、基带等； 
3. 产出高质量漏洞并发表相关的学术界或工业界论文，提升技术影响力。"
TEG05-高级安全研究员 (隐私计算方向),TEG ," 深圳,中国 ", 技术 ,2021/10/5,"1. 负责密码学、安全计算、隐私保护等领域前瞻性技术预研，持续进行技术创新；
2. 负责隐私计算方向，基于Intel SGX、ARM TrustZone等前沿技术的调研分析，进行应用转化；
3. 负责数据安全/隐私保护/密码学相关应用场景的研发需求，设计并实现原型系统。"
TEG05-高级数据挖掘工程师,TEG ," 深圳,中国 ", 技术 ,2021/10/5,"1、基于半结构化和无结构数据构建知识图谱；
2、融合知识图谱提升用户画像、推荐效果，服务广告系统；
3、团队的技术指导以及技术难点突破工作"
TEG05-质量管理高级工程师（深圳）,TEG ," 深圳,中国 ", 技术 ,2021/10/5,"负责部门质量管理工作， 工作内容包括但不限于：
1. 负责研发运营管理流程的建设，负责组织相关流程的推行；
2. 推动解决核心安全系统的质量和效能问题，牵头总结、跟踪优化措施的落地；
3. 理解业务架构及实现原理，建设及运用质量数据，提前识别风险，推动规避；
4. 建设流程规范，并对流程执行过程中发现的问题给出解决建议；
5. 建设质量管理框架，整体把控业务质量和服务质量。"
TEG05-数据运营分析师,TEG ," 深圳,中国 ", 技术 ,2021/10/5,"负责数据分析平台的运营，驱动平台质量、效率以及流程规范优化提升，包括：
1、核心指标体系构建：设计并开发平台运营指标体系，通过持续运营，为平台问题发现和业务决策提供数据支持；
2、负责质量运营数据和业务异常的监控，跟踪平台数据质量，主动感知平台异常，并和QA配合推动闭环；
3、负责平台用户的体验跟进和效率优化：包括平台任务生命周期管理流程，优化平台资源利用率，保障流程的规范性和效率；"
23295-腾讯电竞WEB前端开发工程师,IEG ," 深圳,中国 ", 技术 ,2021/10/5,"1.负责电竞平台产品的系统平台研发以及原生应用内的WEB开发工作；
2.结合业务发展情况，进行前端架构或研发流程优化；
3.对APP、H5、小程序等载体中与前端相关的技术进行研究和发散，为团队提供技术创新思路。"
TEG09-AI推理研发工程师（深圳/北京）,TEG ," 深圳,中国 ", 技术 ,2021/10/5,"负责机器学习平台上适应各大AI业务场景的高性能推理服务框架的设计和研发工作；
负责针对特定的硬件平台（X86 CPU，NVIDIA GPU，ASCENTD等）进行推理优化；
打造机器学习平台的推理加速能力，并在业务场景中落地。"
23671-企鹅号数据科学家,PCG ," 北京,中国 ", 技术 ,2021/10/5,"负责执行各类实验，包括设计和执行实验，给出实验分析并给业务决策提供推荐方案；
主导数据产品的开发，包含数仓的建立、数据的挖掘、清洗以及建立智能决策引擎；
共建实验平台，提升实验平台的准确性和可用性；
利用对业务的理解，通过数据挖掘和科学决策等手段来支持生态的建设；
推动数据治理，倡导和共建数支持、据驱动业务发展的文化。"
23671-视觉算法高级研究员,PCG ," 北京,中国 ", 技术 ,2021/10/5,"1.负责深度学习、图像理解、机器学习等前沿技术的研究，保持行业领先水平，持续突破技术上限；
2.负责计算机视觉和深度学习算法的开发与性能提升，涉及到的主要问题包括但不限于：视频理解，动作识别，内容生成等。"
23671-策略安全工程师,PCG ," 北京,中国 ", 技术 ,2021/10/5,"负责内容安全相关系统及产品的设计、研发相关工作；
负责多个内容产品的安全生态水位，负责安全策略引擎相关组件的架构和研发；
参与安全架构策略的改进，支撑审核人员管理， 提升审核效率。"
23671-企鹅号算法后台工程师（深圳）,PCG ," 深圳,中国 ", 技术 ,2021/10/5,"1、 主要负责内容理解相关算法的上线部署, 包括对一些主流算法框架的支持；
2、 主要负责内容理解整体算法后台的架构，算法性能优化等。"
CSIG15-智能平台产品部-语音识别算法研究员（北京）,CSIG ," 北京,中国 ", 技术 ,2021/10/5,"1. 面向应用场景优化语音识别系统，负责声学模型、语言模型等主要模块的改进；
2. 追踪业界前沿的语音识别技术，进行算法改进和创新；
3. 实现语音技术在更多应用场景下的落地，如语音评测、音频理解等。"
30360-社群-客户端跨平台开发--专项R,PCG ," 深圳,中国 ", 技术 ,2021/10/5,"1. 负责QQ/TIM等亿级用户的跨平台产品的功能开发，维护，以及性能优化等相关工作；
2. 负责跨平台相关的技术预研工作；"
38663-QQ-跨平台内核开发(NT项目)--专项R,PCG ," 深圳,中国 ", 技术 ,2021/10/5,"负责QQ终端功能开发，主要聚焦于QQ跨平台内核开发；
主要涉及网络组件、数据传输、协议&逻辑相关开发；
负责项目重点、难点的技术攻坚以及新技术预研等；"
40833-后台开发工程师,PCG ," 深圳,中国 ", 技术 ,2021/10/5,"1、负责腾讯PCG安全工具和平台的研发，包括：数据安全平台、访问控制系统、主机安全平台、安全扫描平台等
2、负责安全基础数据的处理与管理
3、负责安全相关新技术的研究应用，如：漏洞利用行为分析、UEBA、恶意行为检测等"
40833-业务安全风控算法高级研究员（数据挖掘）,PCG ," 深圳,中国 ", 技术 ,2021/10/5,负责将机器学习、数据挖掘方法应用于QQ、Qzone、企业QQ、视频、信息流等业务安全领域，负责腾讯社交及内容产品的反垃圾消息、反盗号、反作弊、反欺诈等工作，承接基础风控数据建设，安全态势感知、自动对抗体系和黑产团伙挖掘等工作。
41071-腾讯会议并行计算优化高级工程师-专项R,CSIG ," 深圳,中国 ", 技术 ,2021/10/4,"1. 基于CPU/GPU/DSP/NPU平台，对机器学习算法进行性能优化、基础算法库设计；
2. 跟踪机器学习算法、高性能异构计算领域技术发展，为机器学习平台提出创新构想，推动机器学习平台性能提升；
3. 负责将机器学习算法移植到腾讯会议各个平台和产品线，提升产品的质量、性能和稳定性。"
26563-高级游戏客户端开发,IEG ," 深圳,中国 ", 技术 ,2021/10/4,"1. 负责Unreal引擎下的客户端开发，程序框架及技术方案的设计和实现。
2. 负责构建渲染场景，UI交互逻辑，以及Gameplay的实现。
3. 负责与视觉、音频相关的联调优化以及性能优化工作。
4. 负责把游戏移植到Switch平台，以及Switch平台审核发布流程。
5. 负责产品需求的技术可行性评估。
6. 协助美术/策划建立高效的游戏移植流程, 完善并持续优化工具链。"
26563-高级游戏图形/引擎工程师,IEG ," 深圳,中国 ", 技术 ,2021/10/4,"1. 主导使用Unreal建立技术管线，并针对目标平台进行优化； 
2. 负责游戏渲染、动画、物理、AI等核心模块的开发优化； 
3. 优化游戏在视觉表现上的效果和性能参数； 
4. 梳理美术和图形渲染相关开发流程，改进工作管线。
5. 持续追踪行业动态，帮助技术团队在项目中落地新技术。"
22989-云原生私有化技术专家（深圳/杭州/北京/上海）,CSIG ," 深圳,中国 ", 技术 ,2021/10/4,腾讯云专有云产品中心底层基础技术团队，在云原生的技术风口为打造精细化调度与智能的专有云产品提供基础技术支撑能力，参与容器调度、中间件、大数据组件的建构演进、运维能力建设和稳定性保障。
15581-开放大世界MMORPG手游前台开发(深圳),IEG ," 深圳,中国 ", 技术 ,2021/10/4,"客户端核心模块的攻坚；
3D渲染效果的方案制定和实现。"
25927-移动游戏高级安全工程师（成都）,IEG ," 成都,中国 ", 技术 ,2021/10/4,"负责移动游戏安全相关工具研发与技术支持；
负责移动游戏和应用APP资源破解与风险分析；
通过工具平台的研发支撑，提升部门的游戏品质、效率和深度；"
WXG10-企业微信运营开发工程师,WXG ," 广州,中国 ", 技术 ,2021/10/4,负责运维平台建设，包括海量的数据存储、监控、统一的业务发布、运营门户等开发工作。
27141-知名IP射击手游UE4引擎工程师（通用底层方向）,IEG ," 深圳,中国 ", 技术 ,2021/10/4,"1.定制引擎功能模块；
2.清查、优化IOS/Android上游戏引擎内存、资源、包体、线程模型; 
3.开发或完善Android/IOS内存和性能相关工具。"
TEG15-支付系统后台开发工程师(深圳),TEG ," 深圳,中国 ", 技术 ,2021/10/4,"负责腾讯企业级计费中台相关业务需求的后台侧设计与开发；
负责腾讯重点业务交易系统的架构设计和建设工作；
负责建设线上聚合支付系统，并输出通用的行业计费解决方案；
负责推动和搭建适合企业收单/支付/交易管理的高效研发流程。"
TEG15-TDSQL-A数据库研发高级工程师 (北京/深圳),TEG ," 深圳,中国 ", 技术 ,2021/10/4,"1. 腾讯TDSQL-A在线企业级OLAP数据库的技术研发和产品设计；
2.研究相关领域前瞻技术并落地实现
3.关于我们：我们是腾讯集团专注数据库内核研发的技术团队，致力于为公司内外部客户提供高性能，高可用的数据库服务。"
WXG02-122 微信内容算法高级工程师（视频号）（深圳）,WXG ," 深圳,中国 ", 技术 ,2021/10/4,负责微信视频号等业务的用户兴趣标签体系建设； 深挖用户感兴趣内容的分类与关联； 不断提升标签的精准度和覆盖率。
WXG02-微信数据挖掘工程师（深圳）,WXG ," 深圳,中国 ", 技术 ,2021/10/4,运用机器学习、深度学习、社交网络挖掘等技术，支持微信大数据应用项目的落地，包括但不局限视频号推荐召回、金融风控、游戏营销等场景。研究和运用前沿的技术，解决社交数据海量环境下遇到的各种极具挑战的难题。
WXG02-122 微信（高级）数据挖掘算法工程师（视频号）（深圳/广州）（广州）,WXG ," 广州,中国 ", 技术 ,2021/10/4,负责微信视频号等业务的用户兴趣标签体系建设； 深挖用户感兴趣内容的分类与关联； 不断提升标签的精准度和覆盖率。
WXG02-112 微信实验系统算法研究员（深圳）,WXG ," 深圳,中国 ", 技术 ,2021/10/4,"负责微信X实验系统算法模型研发：
统计模型，机器学习模型，因果推断，贝叶斯优化，序列化检验等。"
WXG02-113 微信高性能计算开发工程师（深圳）,WXG ," 深圳,中国 ", 技术 ,2021/10/4,负责微信高性能算法组件、高性能计算组件的架构设计与开发实现；提升微信高性能计算平台的影响力和易用性。
WXG02-133 微信支付运维工程师（深圳）,WXG ," 深圳,中国 ", 技术 ,2021/10/4,"负责社交支付与商业支付下各业务的运维工作；
保障系统稳定性，数据安全，工作重点为系统分析，优化，及自动化系统建设。"
WXG02-微信专家数据分析师（深圳）,WXG ," 深圳,中国 ", 技术 ,2021/10/4,"1、与业务方合作，负责科学分析产品、运营、推荐等核心策略，为业务策略迭代提供决策依据；
2、科学制定业务的指标评估体系、监控及分析指标异动原因，并构建关键数据集以支持数据运营和探索性分析；
3、科学地进行A/B Testing，包括设计和执行实验，并根据实验结果提出优化的业务策略；
4、负责增长分析、因果推断、社交传播等专题，识别并量化归因业务问题或社会现象，以数据洞察来驱动微信生态商业模式发现、用户增长机会、产品体验优化等。"
WXG02-微信专家数据分析师（广州）,WXG ," 广州,中国 ", 技术 ,2021/10/4,"1、与业务方合作，负责科学分析产品、运营、推荐等核心策略，为业务策略迭代提供决策依据；
2、科学制定业务的指标评估体系、监控及分析指标异动原因，并构建关键数据集以支持数据运营和探索性分析；
3、科学地进行A/B Testing，包括设计和执行实验，并根据实验结果提出优化的业务策略；
4、负责增长分析、因果推断、社交传播等专题，识别并量化归因业务问题或社会现象，以数据洞察来驱动微信生态商业模式发现、用户增长机会、产品体验优化等。"
WXG02-大数据后台开发工程师（深圳）,WXG ," 深圳,中国 ", 技术 ,2021/10/4," 负责微信大数据平台建设和运营;
 负责资源调度系统（自研和 k8s）的研发和运营;
 负责分布式计算/实时计算框架（如 tensorflow、flink、spark 等）的研发和运营;

  "
WXG02-大数据后台开发工程师（广州）,WXG ," 广州,中国 ", 技术 ,2021/10/4," 负责微信大数据平台建设和运营;
 负责资源调度系统（自研和 k8s）的研发和运营;
 负责分布式计算/实时计算框架（如 tensorflow、flink、spark 等）的研发和运营;

  "
WXG02-内容挖掘算法高级工程师（视频号）（深圳）,WXG ," 深圳,中国 ", 技术 ,2021/10/4,主要负责文本、视频、多模态内容理解算法的研发和应用，KG与用户画像的结合，服务微信视频号内容画像和用户画像建设。
WXG02-内容挖掘算法高级工程师（视频号）（广州）,WXG ," 广州,中国 ", 技术 ,2021/10/4,主要负责文本、视频、多模态内容理解算法的研发和应用，KG与用户画像的结合，服务微信视频号内容画像和用户画像建设。
WXG02-113 微信后台运营开发工程师（平台运营)（广州）,WXG ," 广州,中国 ", 技术 ,2021/10/4,"1. 负责微信后台基础组件相关支撑平台的开发及维护；
2. 负责研发效能相关平台的建设，致力于提升基础研发效率； "
WXG02-微信ABtest实验系统后台开发工程师 （深圳）,WXG ," 深圳,中国 ", 技术 ,2021/10/4,负责微信实验系统后台开发 : c/c++高性能模块开发，clickhouse/hadoop/spark/flink 数据计算模块开发。
WXG12-143 微信后台策略安全工程师（广州）,WXG ," 广州,中国 ", 技术 ,2021/10/4,"1. 负责微信业务安全的相关工作，包括恶意行为分析及相应的安全策略制定与打击
2. 负责微信安全风控系统的建设

注：广州深圳两地办公均可。"
WXG02-121 微信图形图像应用客户端开发工程师（视频号）（北京）,WXG ," 北京,中国 ", 技术 ,2021/10/4,负责微信场景下视觉特效、图形图像类应用的客户端开发，以及在视频号、视频通话、直播、特效开放平台等场景下的应用落地，包括但不限于图像美化、动效贴纸等业务。
WXG02-121 微信图形图像应用客户端开发工程师（视频号）（深圳）,WXG ," 深圳,中国 ", 技术 ,2021/10/4,负责微信场景下视觉特效、图形图像类应用的客户端开发，以及在视频号、视频通话、直播、特效开放平台等场景下的应用落地，包括但不限于图像美化、动效贴纸等业务。
WXG02-微信视频内核技术高级研究员（深圳/北京/广州/成都）,WXG ," 北京,中国 ", 技术 ,2021/10/4,"微信多媒体团队专注于最实用的音视频、图像等方面技术研究。目前自研WAVE引擎（Wechat Audio Video Engine）等各类自主创新技术已广泛应用于微信的音视频通话、多人通话、多媒体消息、朋友圈、公众平台、视频号等各项功能。每天支撑了数亿的视频通话、数十亿的视频播放、数百亿的图片查看。专业&专注，我们一直在多媒体领域砥砺前行，努力为用户提供最佳的语音视频业务体验。加入我们，你将拥有从技术预研到落地应用再到海量运营的梦想实现全过程成就感体验。未来还会有更多更好玩的业务，等你来与我们一同并肩开启！
本岗位负责视频图像编解码技术研究与算法优化，主要面向微信视频通话，直播，朋友圈、视频号、消息等微信上各类图片和视频文件压缩相关业务，以及未来视频图像相关的潜在应用。"
WXG02-121 微信并行计算高级工程师（视频号）（北京）（北京）,WXG ," 北京,中国 ", 技术 ,2021/10/4,"1.计算机视觉、深度学习等算法在 CPU/GPU/DSP 上的高性能实现与调优；
2.引导算法团队设计性能/功耗兼顾的算法；"
WXG02-121 微信并行计算高级工程师（视频号）（北京）（深圳）,WXG ," 深圳,中国 ", 技术 ,2021/10/4,"1.计算机视觉、深度学习等算法在 CPU/GPU/DSP 上的高性能实现与调优；
2.引导算法团队设计性能/功耗兼顾的算法；"
WXG02-微信数据平台研发工程师（深圳）,WXG ," 深圳,中国 ", 技术 ,2021/10/4,"1.负责大数据计算、分析平台的开发和运营
2.负责海量数据实时处理系统的开发，以及运营体系搭建
5.负责对接平台上微信各业务的数据开发和运营工作"
WXG02-116 微信后台测试开发工程师（广州）,WXG ," 广州,中国 ", 技术 ,2021/10/4,"负责大规模软件项目（比如微信搜索推荐业务）后台质量保证； 
设计具有高度扩展性、可靠性强、与高性能的测试框架，根据业务特点开发匹配测试工具； 
优化软件开发周期，提高产品质量，推动内建的产品质量； 
测试方法/工具的创新"
WXG02-微信游戏专项测试工程师（深圳/广州）,WXG ," 深圳,中国 ", 技术 ,2021/10/4,微信游戏平台、微信小游戏、游戏（视频号）直播 等方向的版本质量保障、测试技术和能力建设、研发效能改进等工作。
WXG02-微信游戏测试开发工程师（深圳/广州））,WXG ," 深圳,中国 ", 技术 ,2021/10/4,负责微信游戏平台、微信小游戏、游戏（视频号）直播 等方向的测试能力、工具、平台建设和前沿测试技术探索等工作。
WXG02-应用机器学习平台工程师 - 推荐算法,WXG ," 深圳,中国 ", 技术 ,2021/10/4,"1. 设计和实现可靠的大规模机器学习系统
2. 负责推荐算法各环节（样本生成、特征工程、模型训练、在线服务）的实现和稳定运转
3. 参与到具体业务中，优化模型和策略，提升推荐效果"
WXG02-117 微信音视频研发工程师（深圳/广州）,WXG ," 深圳,中国 ", 技术 ,2021/10/4,"参与微信视频号直播/群直播功能的开发，保障微信版本直播底层相关优化点的研发；
负责底层传输技术优化、音视频开发、直播Qos质量提升、系统维护、质量监控体系等基础建设等。"
WXG02-122 微信数据推荐系统开发工程师（视频号）（深圳/广州）（深圳）,WXG ," 深圳,中国 ", 技术 ,2021/10/4,负责微信数据推荐系统开发、高性能数据服务框架设计与开发；提升微信数据平台的影响力和易用性。
WXG02-122 微信数据推荐系统开发工程师（视频号）（深圳/广州）（广州）,WXG ," 广州,中国 ", 技术 ,2021/10/4,负责微信数据推荐系统开发、高性能数据服务框架设计与开发；提升微信数据平台的影响力和易用性。
WXG02-微信ABtest实验平台算法研究员,WXG ," 广州,中国 ", 技术 ,2021/10/4,"1、参与微信实验系统统计模型与算法的应用研究。
2、针对微信内部各类实验所产生的海量数据，思考如何设计并实现可靠，准确，高效的算法来对数据进行分析和挖掘。
3、将数据分析和挖掘的算法落地到实验系统，给使用实验系统的用户带来科学，直观的分析结论，以数据驱动业务的决策。"
WXG02-微信ABtest实验平台大数据开发工程师,WXG ," 广州,中国 ", 技术 ,2021/10/4,"1、参与微信实验系统的工程开发和算法实现。
2、针对微信内部各类实验所产生的海量数据，设计并实现可靠，高效，可扩展的数据分布式存储，计算流程。
3、运用数据分析和挖掘的算法落地到实验系统，给使用实验系统的用户带来科学，直观的分析结论，以数据驱动业务的决策。"
WXG02-数据中心实时数仓平台(ClickHouse)研发工程师,WXG ," 深圳,中国 ", 技术 ,2021/10/4,"负责微信数据中心实时数仓平台建设;
负责ClickHouse内核优化和新特性开发;
负责完善周边工具, 保障服务稳定。"
WXG02-微信大数据安全研发工程师（广州）,WXG ," 广州,中国 ", 技术 ,2021/10/4,"1.负责微信数据安全与隐私保护能力建设加强，提出解决方案并设计，落实推动（包括不限于4A认证，密码学，追踪取证，隐私保护等技术)；
2.负责大数据基础组件(Hadoop,ClickHouse,Pulsar)等安全性的建设加固提升，提供云原生架构下的企业大型平台及重要服务的安全防控能力；
2.负责面向云原生安全基础设施建设，以保证提供计算平台，调度平台，线服务、大数据组件，数据库等数据挖掘使用场景的安全防控能力；
4.参与对研发过程微信数据治理和改进；数据安全事件的追溯、取证；数据安全态势分析、评估与应急响应；"
WXG02-大数据平台运营工程师,WXG ," 深圳,中国 ", 技术 ,2021/10/4,"1.负责大数据计算和挖掘平台的运营
2.负责核心数据指标的维护和监控
3.负责对接平台上微信各业务的数据开发和运营工作"
WXG02-微信大数据安全研发工程师（深圳）,WXG ," 深圳,中国 ", 技术 ,2021/10/4,"1.负责微信数据安全与隐私保护能力建设加强，提出解决方案并设计，落实推动（包括不限于4A认证，密码学，追踪取证，隐私保护等技术)；
2.负责大数据基础组件(Hadoop,ClickHouse,Pulsar)等安全性的建设加固提升，提供云原生架构下的企业大型平台及重要服务的安全防控能力；
2.负责面向云原生安全基础设施建设，以保证提供计算平台，调度平台，线服务、大数据组件，数据库等数据挖掘使用场景的安全防控能力；
4.参与对研发过程微信数据治理和改进；数据安全事件的追溯、取证；数据安全态势分析、评估与应急响应；"
WXG02-微信ABtest实验平台算法研究员（深圳）,WXG ," 深圳,中国 ", 技术 ,2021/10/4,"1、参与微信实验系统统计模型与算法的应用研究。
2、针对微信内部各类实验所产生的海量数据，思考如何设计并实现可靠，准确，高效的算法来对数据进行分析和挖掘。
3、将数据分析和挖掘的算法落地到实验系统，给使用实验系统的用户带来科学，直观的分析结论，以数据驱动业务的决策。"
WXG02-微信ABtest实验平台算法研究员（北京）,WXG ," 北京,中国 ", 技术 ,2021/10/4,"1、参与微信实验系统统计模型与算法的应用研究。
2、针对微信内部各类实验所产生的海量数据，思考如何设计并实现可靠，准确，高效的算法来对数据进行分析和挖掘。
3、将数据分析和挖掘的算法落地到实验系统，给使用实验系统的用户带来科学，直观的分析结论，以数据驱动业务的决策。"
WXG02-微信ABtest实验平台大数据开发工程师（深圳）,WXG ," 深圳,中国 ", 技术 ,2021/10/4,"1、参与微信实验系统的工程开发和算法实现。
2、针对微信内部各类实验所产生的海量数据，设计并实现可靠，高效，可扩展的数据分布式存储，计算流程。
3、运用数据分析和挖掘的算法落地到实验系统，给使用实验系统的用户带来科学，直观的分析结论，以数据驱动业务的决策。"
WXG02-微信ABtest实验平台大数据开发工程师（北京）,WXG ," 北京,中国 ", 技术 ,2021/10/4,"1、参与微信实验系统的工程开发和算法实现。
2、针对微信内部各类实验所产生的海量数据，设计并实现可靠，高效，可扩展的数据分布式存储，计算流程。
3、运用数据分析和挖掘的算法落地到实验系统，给使用实验系统的用户带来科学，直观的分析结论，以数据驱动业务的决策。"
WXG02-微信视频号测试开发工程师（广州）,WXG ," 广州,中国 ", 技术 ,2021/10/4,负责测试微信视频号，开发测试工具； 设计具有高扩展性、强可靠性、高性能的测试框架； 优化软件开发周期，提升研发效能，推动内建的产品质量； 测试方法/工具的创新。
WXG12-微信运营平台系统开发工程师（广州）,WXG ," 广州,中国 ", 技术 ,2021/10/4,"负责微信内部大型运营平台系统的后台开发和维护；
负责微信内部大数据分析相关系统的后台开发和维护；
参与微信内部各种后台系统的需求分析、设计、编码等开发工作。"
WXG02-微信终端质量平台开发工程师(广州/深圳),WXG ," 广州,中国 ", 技术 ,2021/10/4,"1、面向微信终端的大规模质量数据，如Crash、卡顿、耗时等，搭建质量运营分析平台。
2、设计和实现灵活可扩展、稳定、高性能的OLAP系统，为海量数据的查询、（堆栈数据）解析、统计、报警提供可靠的基础设施。
3、思考业务对运营平台的诉求，进行平台的优化、创新，提升业务质量和效率。"
WXG02-微信支付高级DBA（深圳）,WXG ," 深圳,中国 ", 技术 ,2021/10/4,"负责微信支付下商业支付和社交支付各业务的数据库运维工作；
负责数据库的日常运维、数据安全、性能优化、故障处理及前沿技术研究；
负责数据库自动化运维工具和平台建设；
负责大数据系统的日常运维、数据安全、数据治理等工作；"
28601-微信支付分行业应用后台开发工程师,WXG ," 深圳,中国 ", 技术 ,2021/10/4,"深挖线上线下行业场景，致力于开发微信支付分相关的金融行业创新应用系统；
基于微信生态，负责微信支付分行业后台相关的系统方案设计、性能优化、系统可用性建设等研发工作；
通过技术助力商户成长，为用户带来价值，致力于建设5个9可用性的金融级行业应用系统。"
TEG09-linux系统研发工程师,TEG ," 深圳,中国 ", 技术 ,2021/10/4,"负责linux发行版的研发和运营，包括但不限于：
linux母盘研发，定制和更新；linux发行版的运营，解决业务使用linux发行版遇到的问题，并给出技术指导；
提升linux发行版的可用性、稳定性、可运营优化；
根据业务需要引入开源社区成果，跟踪开源社区最新发展，对开源社区反馈发行版研发成果。"
TEG09-云存储高级研发工程师（北京）,TEG ," 北京,中国 ", 技术 ,2021/10/4,"负责分布式存储相关方向的技术的研发以及维护； 
负责腾讯云对象存储服务的架构设计和研发；
负责腾讯云对象存储服务的架构优化；"
TEG09-云存储资深研发工程师（北京）,TEG ," 北京,中国 ", 技术 ,2021/10/4,"负责业界云存储前沿技术的预研和应用；
 负责研发云存储相关模块以及周边业务模块；
 负责云存储后台系统的维护与运营工作。"
TEG09-云数据库研发高级工程师/Tech Lead（深圳）,TEG ," 深圳,中国 ", 技术 ,2021/10/4,"腾讯云原生数据库团队为腾讯云以及腾讯内部业务提供业界领先的企业级MySQL数据库以及云原生数据库服务，运营着腾讯规模最大的关系型数据库集群；
负责超大规模下的数据库资源调度、监控、备份回档、故障自愈、资源隔离、智能网关等管控平台模块的研发和运营，提升稳定性和数据安全，保障客户体验；
负责自治数据库产品（CDBTune智能参数调优、SQL优化、索引推荐、装箱调度等）的研发和运营，提升数据库自治能力。
负责云原生数据库CynosDB架构的设计和演进，设计和研发基于云原生的数据库查询处理、存储引擎等核心系统，打造业界领先的云原生数据库产品；
负责云数据库前沿技术的预研和应用，参与开源社区的合作，提升社区影响力。"
TEG09-云数据库研发高级工程师/Tech Lead（北京）,TEG ," 北京,中国 ", 技术 ,2021/10/4,"腾讯云原生数据库团队为腾讯云以及腾讯内部业务提供业界领先的企业级MySQL数据库以及云原生数据库服务，运营着腾讯规模最大的关系型数据库集群；
负责超大规模下的数据库资源调度、监控、备份回档、故障自愈、资源隔离、智能网关等管控平台模块的研发和运营，提升稳定性和数据安全，保障客户体验；
负责自治数据库产品（CDBTune智能参数调优、SQL优化、索引推荐、装箱调度等）的研发和运营，提升数据库自治能力。
负责云原生数据库CynosDB架构的设计和演进，设计和研发基于云原生的数据库查询处理、存储引擎等核心系统，打造业界领先的云原生数据库产品；
负责云数据库前沿技术的预研和应用，参与开源社区的合作，提升社区影响力。"
TEG09-云数据库研发高级工程师/Tech Lead（上海）,TEG ," 上海,中国 ", 技术 ,2021/10/4,"腾讯云原生数据库团队为腾讯云以及腾讯内部业务提供业界领先的企业级MySQL数据库以及云原生数据库服务，运营着腾讯规模最大的关系型数据库集群；
负责超大规模下的数据库资源调度、监控、备份回档、故障自愈、资源隔离、智能网关等管控平台模块的研发和运营，提升稳定性和数据安全，保障客户体验；
负责自治数据库产品（CDBTune智能参数调优、SQL优化、索引推荐、装箱调度等）的研发和运营，提升数据库自治能力。
负责云原生数据库CynosDB架构的设计和演进，设计和研发基于云原生的数据库查询处理、存储引擎等核心系统，打造业界领先的云原生数据库产品；
负责云数据库前沿技术的预研和应用，参与开源社区的合作，提升社区影响力。"
TEG09-云数据库研发高级工程师/Tech Lead（武汉）,TEG ," 武汉,中国 ", 技术 ,2021/10/4,"腾讯云原生数据库团队为腾讯云以及腾讯内部业务提供业界领先的企业级MySQL数据库以及云原生数据库服务，运营着腾讯规模最大的关系型数据库集群；
负责超大规模下的数据库资源调度、监控、备份回档、故障自愈、资源隔离、智能网关等管控平台模块的研发和运营，提升稳定性和数据安全，保障客户体验；
负责自治数据库产品（CDBTune智能参数调优、SQL优化、索引推荐、装箱调度等）的研发和运营，提升数据库自治能力。
负责云原生数据库CynosDB架构的设计和演进，设计和研发基于云原生的数据库查询处理、存储引擎等核心系统，打造业界领先的云原生数据库产品；
负责云数据库前沿技术的预研和应用，参与开源社区的合作，提升社区影响力。"
40835-深度学习系统后台开发高级工程师（深圳、北京、上海）,PCG ," 深圳,中国 ", 技术 ,2021/10/4,"大规模分布式机器学习/深度学习系统的设计和开发； 
自研分布式机器学习/深度学习框架；
模型算法与系统实现的联合优化；
跟踪资讯/搜索类内容服务业务相关的开源框架、新算法框架的技术选型及系统研发；
深入业务的流程，制定应用机器学习/深度学习技术的优化方案。
 "
40835-异构计算工程师/专家（深圳、北京、上海）,PCG ," 北京,中国 ", 技术 ,2021/10/4,"熟悉C++，有异构计算开发经验，熟悉深度学习原理和算法优先，对主流深度学习框架有一定的应用或开发经验，了解主流深度学习模型（CNN, RNN, Transformer等）；
负责深度学习框架训练，推理，特征工程在前沿异构硬件上的高性能计算，多级存储，网络优化等工作。涉及GPU，Intel PMEM，RDMA开发。
熟悉Linux内核驱动开发，有驱动开发经验者优先。"
TEG02-网管系统后台开发工程师（深圳）,TEG ," 深圳,中国 ", 技术 ,2021/10/4,"负责网络基础架构网管系统后台架构设计与性能优化；
负责海量网络设备分布式采集与控制；
负责网管后台模块的运营和维护，保证系统稳定运行；
参与网管系统的后台需求分析、解决方案设计等工作。"
TEG02-网管系统web前端开发工程师,TEG ," 深圳,中国 ", 技术 ,2021/10/4,"负责腾讯海量互联网络规划及自动化建设平台的前端开发工作；
负责腾讯海量互联网络运营支撑系统的前端开发工作；
负责上述存量系统的运营支撑工作；"
TEG12-数据中心经理（上海）,TEG ," 上海,中国 ", 技术 ,2021/10/4,"按照公司战略和部门规划，统筹资源安排，制定数据中心服务策略；
结合IDC实际情况均衡考虑服务质量、效率、成本及安全，以支撑部门的业务运营；
负责与运营商的后台团队建立密切、高效合作关系；
推动运营商建立面向用户的运营体系，推动运营商IDC建设和运营水平不断提升；
负责IDC的基础设施整体可靠性、现场运营质量、运营成本及运营安全，并持续优化及改进；
负责IDC现场运维外包团队管理及考核；"
TEG02-开放光网络SDN控制系统研发工程师,TEG ," 北京,中国 ", 技术 ,2021/10/4,负责开放光传输产品SDN控制器软件系统设计和开发，针对开放光业务进行编排及控制网络设备；研究光网络业界最新技术及其应用，解决研发过程中的关键问题和技术难点；根据项目任务计划按时完成软件编码和单元、集成测试工作；与产品经理、测试工程师、其他团队沟通合作，保证产品研发工作的质量和进度；
TEG12-基础设施经理,TEG ," 南京,中国 ", 技术 ,2021/10/4,"全面负责数据中心基础设施的运营管理，包括日常运维、预防性维护、应急预案及演习、故障处理等；
配合公司战略和部门规划，统筹资源安排，制定数据中心基础设施运营策略，包括组织架构、人力、成本、资源等，对数据中心基础设施的安全、质量、成本和效率负责；
负责推行数据中心基础设施的安全管理、容量管理、可用性管理、外包管理、成本优化等，持续优化及改进，持续提升运营效率；
负责与数据中心周边合作单位（电力、消防、物业）建立密切、高效合作关系，推动合作单位的运营水平持续提升；
负责对数据中心基础设施相关外包团队进行管理及考核；
负责基础设施相关优化改造项目的统筹执行，配合新建项目做好现场支持；"
WXG01-微信视频号直播iOS客户端开发工程师（深圳）,WXG ," 深圳,中国 ", 技术 ,2021/10/4,"1. 微信iOS客户端朋友圈/直播类需求开发 
2. 与产品设计同学沟通合作，开发完成流畅，稳定，体验良好的产品"
WXG01-微信视频号直播iOS客户端开发工程师（广州）,WXG ," 广州,中国 ", 技术 ,2021/10/4,"1. 微信iOS客户端朋友圈/直播类需求开发 
2. 与产品设计同学沟通合作，开发完成流畅，稳定，体验良好的产品"
18436-自然语言处理高级研究员,CDG ," 深圳,中国 ", 技术 ,2021/10/4,"1、 负责金融场景下的自然语言处理的研究和开发工作，包括建立金融场景的资讯内容理解、金融产品标签生成、金融智能助手；
2、构建金融场景下的知识图谱、舆情分析、事件挖掘能力，为资产推荐、数据营销提供精细化的内容理解能力"
视频理解算法后台开发,PCG ," 北京,中国 ", 技术 ,2021/10/3,"1. 负责短视频内容挖掘实时计算模块开发，视频理解算法推理和训练服务设计和开发部署；
2. 负责大规模多媒体内容特征检索服务开发
3. 与算法研发和上下游业务方同事沟通，推动算法业务在可自动运维性、可用性和性能上持续改善和优化；
4. 负责视频相关业务内容挖掘效率提升，平衡人与机器的效率，设计和实现覆盖研发生命周期的服务和工具，如标签挖掘工具、视频数据画像工具、线上算法模型准确率评估服务等"
42770-微瓴后台开发工程师(深圳),CSIG ," 深圳,中国 ", 技术 ,2021/10/3,"1. 负责微瓴平台智慧建筑数字空间、CityBase 平台的后台研发工作；
2. 参与项目交付方案设计和标准化产品开发；
3. 参与后台各个系统的架构设计、评审和代码开发，以及技术难题的攻坚和优化；
4. 参与方案文档、技术实施文档、接口文档等撰写和维护。"
36812-高级推荐引擎开发工程师（腾讯新闻）,PCG ," 北京,中国 ", 技术 ,2021/10/3,"1.负责推荐系统的索引服务，召回平台，粗排，精排，打散等在线系统的开发，与优化；
2.负责Ranking离线训练，在线训练，工作流与平台的建设与优化；
3.负责新闻场景的特征平台建设，建立易更新，可配置的特征管理与更新系统；
4.负责新闻场景的用户画像平台的实时性，易用性的建设与优化；
5.负责推荐系统的A/B实验平台的开发与优化，支持对用户与内容的实验的理解；
6.负责开发工具与平台，提升对推荐系统各个模块，流程的追踪与理解。"
36812-腾讯新闻高级后台开发工程师,PCG ," 北京,中国 ", 技术 ,2021/10/3,"1. 负责内容的生产、管理、审核、加工、理解等流水线建设和优化；
2. 负责各类内容形态的总库建设，以及流式输出、读写服务的建设；
3. 负责PGC/OGC/UGC等创作者平台和服务的建设与优化，提升作者和用户的体验；
4. 负责热点/优质/低质等内容挖掘探索、内容AB实验能力的建设；
5. 负责新闻内容流程的度量分析、监控跟踪调试等能力的建设，提升流程效率和服务可用性。 "
28937-游戏测试开发工程师(深圳),IEG ," 深圳,中国 ", 技术 ,2021/10/3,"负责魔方移动游戏的专项测试和测试工具的开发、维护和完善；
负责收集和分析业务测试需求，探索更多的测试手段和维度;
通过工具平台的研发支撑，提升部门的测试质量、效率和深度。"
28937-高级游戏音频开发工程师,IEG ," 深圳,中国 ", 技术 ,2021/10/3,"设计以及开发新的音频系统，比如音乐管理系统，语音本地化+资源管理；
配合音频组实现项目的音频技术需求，满足项目的需求，同时兼顾音频技术平台长期的发展；
明确了解行业最新的技术和知识，与不同部门协调以及推进音频的集成范围；
为音频技术的稳定性和易用性负责，确保设计师能有效使用新的音频技术。"
30360-手Q社区-后台开发工程师,PCG ," 深圳,中国 ", 技术 ,2021/10/3,"负责小世界后台系统搭建及基础后台研发工作；
负责AI基础架构系统后台研发工作；
负责推荐系统，大数据分析计算后台研发工作；"
22989-腾讯云音视频开发高级工程师（上海）,CSIG ," 上海,中国 ", 技术 ,2021/10/3,"1. 负责腾讯云音视频SDK（推流、直播、点播、RTC 等）的开发和优化工作，并配套开发相应的场景解决方案业务流程，以满足不同场景和不同行业的客户需求。
2. 作为腾讯云终端研发中心团队的服务接口人，全流程参与客户需求咨询、需求评估、方案设计、方案实施及交付工作。
4. 负责优化腾讯云TRTC、云通信、移动直播、短视频和超级播放器等几款产品的产品易用性，并跟踪客户的接入成本、完善服务体系，解决客户使用产品服务和解决方案过程中的技术问题，不断完善问题处理机制和流程。"
22989-腾讯会议客户端开发专家（深圳/北京）,CSIG ," 深圳,中国 ", 技术 ,2021/10/3,"负责腾讯会议终终端架构设计及优化工作；
负责性能优化，稳定性流畅度提升；
负责业务核心基础模块的抽象，设计和搭建工作，以提升研发团队的工作效率；
负责项目重点、难点的技术攻坚以及移动端新技术预研等。"
22989-腾讯会议客户端开发高级工程师（深圳）,CSIG ," 深圳,中国 ", 技术 ,2021/10/3,"腾讯会议音频和视觉相关算法工程优化；
腾讯会议整体工程性能优化；
相关前沿技术探索。"
22989-腾讯会议Windows开发工程师,CSIG ," 深圳,中国 ", 技术 ,2021/10/3,"1. 负责视频会议产品Windows客户端相关业务开发；
3. 负责腾讯会议Windows SAAS核心框架功能的设计和开发；
3. 进行前沿技术的探索和研究等；
4. 指导初级开发工程师，完成研发任务。"
41071-腾讯会议iOS高级开发工程师,CSIG ," 深圳,中国 ", 技术 ,2021/10/3,"1、负责腾讯会议 iOS 终端功能模块开发或架构优化工作；
2、负责高质量的方案设计和编码，不断迭代重构；
3、负责项目重点、难点的技术攻坚以及移动端新技术预研等。"
41071-腾讯会议Windows开发高级工程师,CSIG ," 深圳,中国 ", 技术 ,2021/10/3,"1. 负责视频会议产品Windows客户端相关业务开发；
3. 负责腾讯会议Windows SAAS核心框架功能的设计和开发；
3. 进行前沿技术的探索和研究等；
4. 指导初级开发工程师，完成研发任务。"
41071-腾讯会议业务后端研发leader（深圳/北京/广州）【HR-CSIG】,CSIG ," 深圳,中国 ", 技术 ,2021/10/3,"岗位职责：
1、负责腾讯会议后台的整体功能开发和规划;
2、负责会议后台研发团队搭建和管理工作;
3、具有良好的业务抽象能力，对研发团队的质量和效率负责."
22989-腾讯云音视频开发高级工程师（深圳）,CSIG ," 深圳,中国 ", 技术 ,2021/10/3,"1. 负责腾讯云音视频SDK（推流、直播、点播、RTC 等）的开发和优化工作，并配套开发相应的场景解决方案业务流程，以满足不同场景和不同行业的客户需求。
2. 作为腾讯云终端研发中心团队的服务接口人，全流程参与客户需求咨询、需求评估、方案设计、方案实施及交付工作。
4. 负责优化腾讯云TRT、GME、云通信、移动直播、短视频和超级播放器等几款产品的产品易用性，并跟踪客户的接入成本、完善服务体系，解决客户使用产品服务和解决方案过程中的技术问题，不断完善问题处理机制和流程。"
41071-腾讯会议后端研发工程师,CSIG ," 深圳,中国 ", 技术 ,2021/10/3,"1、负责产品核心系统的研发工作；
2、参与制定前后端业务流程、接口协议、文档输出等；
3、参与项目研发、部署及日常运维工作；"
41071-腾讯会议数据挖掘/NLP研发工程师（广州）,CSIG ," 广州,中国 ", 技术 ,2021/10/3,"负责腾讯会议数据平台建设和运营工作
负责数据平台中用户画像和相关数据系统的建设，为推荐系统、在线业务和运营系统提供数据支撑能力
规划团队的业务和技术方向，推动大数据相关的技术体系建设"
TEG05-高级后台系统研发工程师（深圳）,TEG ," 深圳,中国 ", 技术 ,2021/10/3,"主导腾讯IDS平台的研发工作，负责带领研发团队进行技术攻坚，日常工作包括架构方案设计、核心代码编写、性能优化等。
腾讯IDS平台是腾讯公司用于在网络流量中发现各种攻击、入侵行为的一个策略平台，是一个具备上千台服务器的计算集群，当前处理的峰值流量已经达到20Tbps，能在如此大的流量中发现极其微小的攻击报文。平台处处充满挑战，包括：极高的性能要求和稳定性要求、复杂的网络环境、高可靠的集群协作运算能力。"
TEG05-DevSecOps安全工程师（SAST方向）,TEG ," 深圳,中国 ", 技术 ,2021/10/3,"1、代码审计：开发自动化的代码安全审计系统，探索与实践DevSecOps；
2、Fuzzing研究：开发Fuzzer对公司产品进行自动化漏洞挖掘，以及相关技术研究；
3、业界追踪：保持关注业界最新安全动态、新安全技术及发展趋势，研究新技术在业务场景中的应用；
4、沉淀培训：形成技术知识的沉淀和分享，开展公司内交流和培训工作。"
TEG05-高级数据挖掘工程师,TEG ," 深圳,中国 ", 技术 ,2021/10/3,"用机器学习算法挖掘腾讯最全的海量数据, 构建和优化腾讯用户画像体系； 用数据挖掘结果支撑和服务社交广告、智慧零售、游戏、金融等核心业务； 参与和优化数据清洗、特征设计与选取、算法设计及检验评价、线上实验方法设计等数据挖掘和应用的全过程。"
TEG05-高级安全策略工程师（深圳）,TEG ," 深圳,中国 ", 技术 ,2021/10/3,"负责流量相关（广告，金融，智慧零售等）欺诈和反作弊；
包括但不限于情报获取，黑产手法分析，数据分析和挖掘，线上对抗算法的制定和运营。"
TEG05-渗透测试高级工程师（深圳）,TEG ," 深圳,中国 ", 技术 ,2021/10/3,"1、腾讯蓝军（force.tencent.com）：研究前沿攻防技术，以专业APT黑客视角，对腾讯业务、基础设施、安全系统进行渗透测试和红蓝对抗演习，挖掘潜在安全风险，并提出优化建议及推动解决。
2、TSRC（security.tencent.com）：负责处理TSRC漏洞、分析各类安全事件、处理突发安全事件，能够清晰分析现有安全体系问题，并提出优化建议及推动解决。"
TEG05-高级后台开发工程师（深圳）,TEG ," 深圳,中国 ", 技术 ,2021/10/3,"负责大数据分析平台的架构设计和架构演进；
负责大数据分析平台的平台使用体验优化和新特性开发；
负责大数据分析平台各模块性能优化和日常运维"
TEG05-运营开发工程师（深圳）,TEG ," 深圳,中国 ", 技术 ,2021/10/3,"负责安全系统的研发效率、使用体验的提升及相关平台工具的建设。
负责部门安全领域数据管理平台的建设和运营。"
TEG05-Tech Lead/ 安全专家 (DevSecOps方向),TEG ," 深圳,中国 ", 技术 ,2021/10/3,"1、负责DevSecOps相关最新理念、技术、趋势的跟进和研究，并在公司合适场景引入；
2、负责指导DevSecOps团队的战略方向、技术前瞻布局并推动落地；
3、负责协助公司级DevSecOps项目的实施落地；
4、负责在公司层面宣传DevSecOps理念，提升影响力和全员安全意识."
TEG05-Tech Lead/ 安全专家 (云原生安全方向),TEG ," 深圳,中国 ", 技术 ,2021/10/3,"1、负责云原生安全相关最新理念、技术、趋势的跟进和研究，并在公司合适场景引入；
2、负责指导相关团队在云原生的战略方向、技术前瞻布局并推动落地；
3、负责协助公司级云上安全项目的实施落地；
4、负责在公司层面宣传云原生安全理念，提升影响力和全员安全意识。"
TEG05-云原生安全开发工程师（深圳）,TEG ," 深圳,中国 ", 技术 ,2021/10/3,"1、负责主机安全系统后台基础组件的设计及研发工作；
2、负责主机安全服务场景云原生化改造，针对相关组件进行系统性抽象和设计；
3、负责设计研发完整的平台化解决方案，包括资源调度及管理、容量测算、弹性伸缩等技术专题。"
WXG10-企业微信增值业务技术运营工程师,WXG ," 广州,中国 ", 技术 ,2021/10/3,"1、 负责增值服务对外企业接口
2、 负责需求技术方案制定
3、 负责服务实施和相关运营支持工作"
WXG02-微信数据挖掘应用研究员（视频号）（深圳）,WXG ," 深圳,中国 ", 技术 ,2021/10/3,"1. 负责构建用户标签，user embedding等画像数据，并应用到视频号等业务的推荐模型中。
2. 负责构建预训练模型，即基于用户的社交、用户行为序列等全平台的数据研发用户行为的预训练模型，并应用到视频号等业务的行为预测任务中去。
3. 负责Network embedding和GNN等图算法的研究和应用，并在腾讯图计算平台Plato上沉淀解决方案，为业务提供图算法解决方案。"
WXG02-PaxosStore SQL引擎研发工程师/专家（深圳）,WXG ," 深圳,中国 ", 技术 ,2021/10/3,"1、参与PaxosStore对标准SQL的支持，拓展PaxosStore的应用场景，包括但不限于SQL优化器、SQL执行引擎的设计和开发；
2、参与产品功能的调研、方案设计、开发测试、以及优化迭代的整体研发流程；
3、深入视频号、搜索推荐等产品的在线复杂查询需求，打造全面支持HTAP场景的新一代SQL引擎。"
WXG02-PaxosStore SQL引擎研发工程师/专家（广州）,WXG ," 广州,中国 ", 技术 ,2021/10/3,"1、参与PaxosStore对标准SQL的支持，拓展PaxosStore的应用场景，包括但不限于SQL优化器、SQL执行引擎的设计和开发；
2、参与产品功能的调研、方案设计、开发测试、以及优化迭代的整体研发流程；
3、深入视频号、搜索推荐等产品的在线复杂查询需求，打造全面支持HTAP场景的新一代SQL引擎。"
41067-JOOX-iOS开发(高级)工程师,CSIG ," 深圳,中国 ", 技术 ,2021/10/3,"负责JOOX音乐项目的业务开发与框架优化
负责性能/流畅/稳定性等现网质量相关分析和工具化
负责项目研发质量和效率、工程化多方面的探索和优化
负责需求评审、任务拆解、方案设计评审与落地、效果追踪、持续优化

岗位亮点：
东南亚Top音乐产品，海量用户产品的挑战
移动端跨平台探索、框架和组件化的迭代、团队代码文化
公司内部海量的线上线下学习资源, 参与公司开源协同机会"
40931-交通大数据算法专家,CSIG ," 北京,中国 ", 技术 ,2021/10/3,"1、 深入洞察交通行业大数据技术应用和发展趋势，负责海量人、车大数据与交通行业数据融合、处理及面向业务的数据分析、挖掘以及建模等工作；
2、 负责交通行业数据模型的规划、设计、开发和业务验证工作，支撑交通行业数据中台及面向用户的服务建设；
3、 构建智慧交通大数据分析体系，针对不同的数据类型，形成深入的数据分析方法及沉淀，支持智慧交通相关数据产品功能开发。"
40835-维纳斯机器学习平台-Java后台开发（北京/深圳）,PCG ," 深圳,中国 ", 技术 ,2021/10/3,负责PCG机器学习平台--维纳斯的后台开发，通过提供极致的系统体验，提升研发效率，帮助PCG相关业务成长。
18436-量化策略研究员（深圳）,CDG ," 深圳,中国 ", 技术 ,2021/10/3,"1、收集、分析和处理各类金融数据和另类数据，提炼信息，挖掘A股市场阿尔法因子。
2、研读中英文文献，紧跟前沿领域，能快速将想法转化为投资信号，进行统计分析和回测验证。
3、维护和进一步丰富公司因子库，运用数学、统计和机器学习等方法进行因子筛选和因子组合，通过最优化方法
得到风险约束下的最优组合。
4、参与开发和改进公司策略投研平台和系统。
5、参与公司实盘组合，对组合进行业绩归因。"
30620-腾讯广告微信广告web前端开发工程师(深圳）,CDG ," 深圳,中国 ", 技术 ,2021/10/3,"负责微信广告业务的web前端的开发工作；
负责微信广告业务的web前端系统分析、优化与架构工作。"
30620-腾讯广告微信广告数据分析专家（深圳）【HR-CDG】,CDG ," 深圳,中国 ", 技术 ,2021/10/3,"负责微信广告数据指标体系、数据分析体系建设；
负责微信广告数据分析产品建设，提升数据分析效率与效果，沉淀业务和数据分析经验，用数据为业务赋能；
负责微信广告数据分析和策略挖掘。快速响应业务分析需求，使用用户数据、广告数据，结合业务场景、流量及策略进行系统分析与解读，洞察业务机会及瓶颈。提供优化策略，推动落地执行，驱动业务增长。"
18428-金融科技高级测试开发工程师,CDG ," 深圳,中国 ", 技术 ,2021/10/3,"1. 本科及以上学历，计算机或相关专业毕业，5年以上工作经验
2. 熟习日常测试工具和测试框架的应用，深刻理解测试各项技术，精通各种后台测试方法
3. 精通 python，熟悉C++/Java/nodejs/golang至少一种语言者或熟悉前端设计者优先
4. 具备支付、互联网金融等业务领域测试经验者优先
5. 有成功的工具及框架开发的实践经验者优先
6. 具有强烈的责任感，良好的沟通和表达能力
7. 具备创新性思维、较强的抗压能力和技术钻研能力"
TEG09-云数据库自治服务研发工程师,TEG ," 深圳,中国 ", 技术 ,2021/10/3,"依托于腾讯云和内部数十万的MySQL实例，致力于资源调度、负载预测、性能优化、故障自愈、数据安全等领域的智能化。
负责核心算法的设计和优化；
负责自治数据库产品（CDBTune智能参数调优、SQL优化、索引推荐、装箱调度等）的研发和运营，保证产品稳定性；
业界云数据库前沿技术的预研和应用；"
TEG09-芯片架构师【HR-TEG】,TEG ," 深圳,中国 ", 技术 ,2021/10/3,"1) 负责AI芯片和通用处理器或者细分领域的需求分析，主导AI，处理器芯片架构设计，竞争分析和规格定义；
2) 负责芯片领域的技术演进路标、关键技术，主导关键技术和架构的研究；
3) 负责大型芯片的架构设计，关键模块的把控和设计。"
40833-研运大数据仓库开发(AIOps),PCG ," 深圳,中国 ", 技术 ,2021/10/3,负责研运大数据仓库建设；负责搭建成本模型、质量模型、以及PCG内平台、中台和业务的质量指标体系搭建；搭建数据仓库，输出数据报表，确保数据质量及数据处理的时效性。
38663-Devops后台开发工程师--专项R,PCG ," 深圳,中国 ", 技术 ,2021/10/3,"责 PCG 社交平台与应用线工程效能自动化工具以及在线运营和监控平台的开发
负责参与研发流程的优化和落地, 针对研发流程的痛点, 制定工具和解决方案"
30933-NXS 服务器主程序,IEG ," 上海,中国 ", 技术 ,2021/10/3,"实现服务器框架设计，带领游戏服务器开发团队，制定团队目标， 分配、指导、验收团队成员的工作； 
主导游戏产品玩法需求的技术可行性评估，技术方案的设计和实现；
建立和策划、运营、客户端等团队之间良好的合作关系，完善游戏产品，打磨用户体验。"
15569-研发效率支持工程师,IEG ," 深圳,中国 ", 技术 ,2021/10/3,"搭建/维护版本管理系统,设计并实施游戏版本管理方案, 定制CI/CD系统, 建设QA能力, 兼顾研发环境稳定和新功能快速迭代, 通过规范/工具/流程保障大型游戏研发团队高效协作；
主动搜集不同岗位工作中的痛点, 协调相关同事分析制定改进方案并推动实施."
WXG03-微信小程序&公众号前端开发工程师（广州）,WXG ," 广州,中国 ", 技术 ,2021/10/3,"负责微信小程序与公众号两大开放平台运营体系的建设，包括但不限于：
1、海量运营安全系统、基础组件的建设；
2、对C端、对B端的业务功能开发。"
WXG03-微信小程序&公众号后台策略安全工程师（广州）,WXG ," 广州,中国 ", 技术 ,2021/10/3,负责微信开放平台风控体系建设，通过大数据分析和挖掘提炼公众号与小程序两大平台中出现的各种恶意行为，制定相应的安全策略并进行打击，保障用户的安全体验，给业务健康发展提供保障。
WXG01-微信视频号高级数据工程师,WXG ," 广州,中国 ", 技术 ,2021/10/3,"负责微信视频号和直播等业务的数据治理相关工作； 
负责设计数据埋点和上报方案，统筹数据规划治理； 
负责离线与在线数据开发工作，确保数据正确性以及时效性； 
负责数据pipeline的实施部署、性能优化、数据监控；
参与数据应用和数据服务建设，支撑团队敏捷开发迭代。"
TEG04-腾讯工蜂DevOps架构师（深圳/北京）【HR-TEG】,TEG ," 深圳,中国 ", 技术 ,2021/10/2,"1.负责大型分布式Git系统的架构设计和技术攻坚；
2.负责前沿技术和业界动态研究，建立技术影响力，参与制定产品方向;"
TEG04-TAPD企业级平台专家架构师（深圳）【HR-TEG】,TEG ," 深圳,中国 ", 技术 ,2021/10/2,"负责腾讯TAPD敏捷研发平台架构优化，提升稳定性、安全性、扩展性；
推动TAPD平台架构升级及技术栈转型；"
36811-腾讯新闻高级Android开发工程师,PCG ," 北京,中国 ", 技术 ,2021/10/2,"新闻客户端动态化能力改造，使用跨平台技术支持业务迭代；
新闻主端Android基础能力建设；
端内产品业务需求研发，按时保证质量完成开发任务；
开发流程和技术文档编写和维护。"
36811-腾讯新闻推荐算法工程师,PCG ," 北京,中国 ", 技术 ,2021/10/2,"参与腾讯新闻机器学习/推荐系统/搜索排序/互动策略相关算法研发和改进工作，提升用户体验和信息匹配效率。工作包括但不限于：
1 全端推荐（包括要闻，推荐，视频及垂类场景）的召回，排序，打散等基础模块的优化
2 直播、小说、短图文等多介质的分发优化
3 生态相关的策略优化"
36811-高级Android开发工程师(腾讯新闻),PCG ," 北京,中国 ", 技术 ,2021/10/2,"1. 新闻主端Android基础基础性能优化；
2. 新闻主端Android基础架构升级；
3. 新闻主端Android平台自动化测试脚手架搭建
4. 开发流程和技术文档编写和维护。"
18436-高级数据分析师,CDG ," 深圳,中国 ", 技术 ,2021/10/2,"1.  负责金融支付相关业务的数据分析工作，包括业务问题分析，运营效果分析，产品功能效果量化，业务发展预测等；
2.  负责资金、银行合作业务的数据分析和资金预测工作，如交易量增长分析、交易量预测等
3.  探索和抽象通用的数据分析方法，如流失预测，归因分析，路径分析，用户分群等"
40931-自动驾驶操作系统工程师,CSIG ," 北京,中国 ", 技术 ,2021/10/2,"负责自主车系统软件定制化修改和实时性优化；
负责硬件设备底层驱动优化；
负责自主驾驶系统整体软件架构设计与维护；
负责自主驾驶汽车各功能模块接口设计与实现；
与各功能模块团队合作，自主驾驶系统完成集成并优化。"
40931-自动驾驶决策规划工程师,CSIG ," 北京,中国 ", 技术 ,2021/10/2,"负责自动驾驶汽车决策与路径规划算法的研发；
基于深度学习的驾驶行为建模；
进行模型训练和调优等工作。"
40931-自动驾驶协调控制工程师,CSIG ," 北京,中国 ", 技术 ,2021/10/2,"负责自动驾驶汽车车辆控制算法的研发和优化；
负责设计和开发车辆控制系统中的信号采集、标定等功能模块；
协助感知、决策等模块的测试和系统集成测试。"
40931-自动驾驶深度学习,CSIG ," 北京,中国 ", 技术 ,2021/10/2,"负责深度学习框架搭建，构建通用的研究平台，
支持自主驾驶系统感知处理、规划控制、地图构建等相关模块的研发；
带领团队将机器学习技术应用于自主驾驶系统，参与自主驾驶系统的工程化实现。"
40931-自动驾驶融合定位工程师,CSIG ," 北京,中国 ", 技术 ,2021/10/2,"负责可见光相机、激光雷达、毫米波雷达等多传感器的信息处理和融合,提高自主驾驶车的环境感知能力；
负责基于多源信息融合的目标检测、跟踪、识别与定位；
负责基于多源信息融合的环境特征抽取，为地图构建提供支持；
为基于基于多源信息融合的导航定位提供支持。"
40931-自动驾驶基础架构开发工程师,CSIG ," 北京,中国 ", 技术 ,2021/10/2,"建立大数据挖掘、分析和统计的基础平台；
负责大数据平台架构及流程设计；
对各类结构化、非结构化数据进行清洗融合。"
40931-自动驾驶工具链研发工程师,CSIG ," 北京,中国 ", 技术 ,2021/10/2,"主要负责自动驾驶工具链研发工作
研发大数据挖掘、分析和统计算法；
对各类结构化、非结构化数据进行清洗融合。"
40931-自动驾驶算法及工程化工程师,CSIG ," 北京,中国 ", 技术 ,2021/10/2,"负责自动驾驶算法嵌入式系统迁移和工程化；
与算法研发人员共同工作，讨论制定合理的工程框架；
负责自动驾驶算法的工程化开发、系统集成和测试验证，包括评测指标体系构建、硬件在环以及实际系统验证等。"
30360-社交线Tech Lead（后台方向）,PCG ," 深圳,中国 ", 技术 ,2021/10/2,"负责后台开发团队的技术方向、方案把关及技术团队管理工作，推动技术中台项目在业务侧的落地;
推动和引导部分内技术项目的方案最优化及快速落地。对于现有系统持续优化，对团队基础功能组件抽像，对基础能力的规划和积累，以及具体的实现及落地;
把关团队代码质量及技术导向，推动技术在产品上的实际使用及效果提升。负责团队技术引导，打造高水平的技术团队;"
15570-知名IP动作手游工具管线开发工程师（深圳）,IEG ," 深圳,中国 ", 技术 ,2021/10/2,"负责UE4动作游戏编辑器架构设计与功能开发；
负责游戏玩法相关的工具链开发；
负责美术生产管线相关的工具链开发；"
15570-知名IP动作手游工具管线开发工程师（上海）,IEG ," 上海,中国 ", 技术 ,2021/10/2,"负责UE4动作游戏编辑器架构设计与功能开发；
负责游戏玩法相关的工具链开发；
负责美术生产管线相关的工具链开发；"
15570-知名IP动作手游高级引擎开发工程师（动画方向）,IEG ," 深圳,中国 ", 技术 ,2021/10/2,"UE4动作游戏项目核心引擎开发；
负责动作系统相关引擎功能的开发；
设计与开发动画相关工具链，制定美术制作管线与制作规范。
参与性能优化工作，包括多端CPU、GPU性能优化，兼容性与机型适配等；"
15570-知名IP动作手游高级引擎开发工程师（渲染方向）,IEG ," 深圳,中国 ", 技术 ,2021/10/2,"UE4动作游戏项目核心引擎开发；
负责实现渲染相关算法和功能，探索和实现高性能的全局光照方案；
设计与开发引擎工具链，制定美术制作管线与制作规范。
参与性能优化工作，包括多端CPU、GPU性能优化，兼容性与机型适配等；"
40164-合金弹头-服务器开发工程师（深圳）,IEG ," 深圳,中国 ", 技术 ,2021/10/2,"负责大中型网络游戏服务器端开发；
负责部分服务器端的架构工作；
负责手机游戏的服务器端功能开发工作；
负责服务器端部分的性能优化工作。"
28603-微信支付终端硬件安全专家【HR-WXG】,WXG ," 深圳,中国 ", 技术 ,2021/10/2,"负责微信支付的终端安全体系建设，对手机客户端、人脸设备、智能可穿戴设备等IOT设备进行安全评估、安全设计、安全研发和安全测试，对终端软硬件的进行持续安全改进。
1.安全评估：对评估对象进行需求评审、系统分析、威胁分析和风险评估；
2.安全设计：对终端产品的硬件和软件进行安全设计，体系化提升产品安全水平；
3.安全研发：对核心安全功能进行安全开发，如访问控制模块、密码学模块、安全通讯模块、安全SDK等；
4.安全测试：对终端产品进行白盒/黑灰盒安全测试，发现安全漏洞并给出改进方案。"
28603-微信支付金融信贷风控模型专家【HR-WXG】,WXG ," 深圳,中国 ", 技术 ,2021/10/2,"1、基于海量数据，构建覆盖金融信贷场景全生命周期的风控模型体系，深度参与风控模型的规划和开发，为免押、贷款等各种金融业务提供可靠的金融技术服务；
2、通过对异常用户、异常商户、异常团伙、异常设备等的发现和挖掘，不断优化反欺诈模型，实现金融黑产的有效预防和对抗；
3、基于深度学习、迁移学习和复杂网络等技术，探索金融领域的前沿应用。"
28603-微信支付金融信贷风控策略专家【HR-WXG】,WXG ," 深圳,中国 ", 技术 ,2021/10/2,"1、打造金融信贷场景下的策略方法论与系统工具，形成策略理论体系，有效对抗黑产团伙；
2、对于贷前、贷后、贷后信贷全生命周期中，涉及的准入、拦截、额度、定价、催收等多个环节，深度参与策略开发工作，与异常用户、异常行为实时对抗，并联合内外部团队，为金融信贷业务提供有力支持；
3、基于海量数据，通过算法及工具，发现和挖掘异常用户、异常商户、异常团伙、异常设备，有效控制信贷风险。"
28603-微信支付机器学习平台开发专家（深圳）,WXG ," 深圳,中国 ", 技术 ,2021/10/2,"1、负责数据中心金融、营销等场景模型的研究及落地，提供高效的建模方案供业务方使用；
2、负责机器学习平台的持续优化和技术改进，提升模型训练性能和平台稳定性；
3、搭建可自由组装pipeline流水线，支持微信支付不同业务数据建模组件的组装诉求；
4、负责业界机器学习新技术的引入和相关高级人才的引入，一起打造有战斗力的技术团队。"
28603-微信支付大数据平台开发专家（深圳）,WXG ," 深圳,中国 ", 技术 ,2021/10/2,"1、负责大数据平台项目的技术选型、架构规划和问题攻关，构建易用、高效、稳定的大数据采集、清洗、计算、存储和应用系统；
2、对业务问题进行合理抽象和设计并负责核心业务模块的开发；
3、设计高质量的底层数据体系，推动“数据驱动”模式在业务团队的落地和演进；
4、负责数据资产管理，包括元数据管理、血缘关系、数据安全、质量监控、成本管理等大数据治理相关工作，推动数据合规等相关工作的执行。"
28601-微信支付行业C++后台开发工程师（深圳）,WXG ," 深圳,中国 ", 技术 ,2021/10/2,"负责刷脸支付架构设计和开发，为微信用户提供优质顺畅的支付服务和极致体验； 
参与设计刷脸支付系统技术方案，核心代码开发和系统调优； 
参与行业中台建设，内部系统优化，协助团队攻克各种高并发、数据隔离、系统解耦等方面的技术难关； 
参与各专项技术调研，新技术引入等前瞻项目。"
28603-微信支付反欺诈策略专家,WXG ," 深圳,中国 ", 技术 ,2021/10/2,"1. 深入理解支付业务，针对支付环节中欺诈、赌博、洗钱等异常行为，打造支付反欺诈的策略体系与系统工具，形成策略方法论，有效对抗黑产团伙；
2. 深度参与策略开发工作，建设高效的平台与工具以及快速响应的流程机制，与黑产实时对抗，并联合内外部团队，净化支付生态；
3. 基于海量数据，通过算法及工具，发现和挖掘异常用户、异常商户、异常团伙、异常环境、异常行为等，精准识别潜在风险。"
28603-微信支付数据平台前端开发工程师,WXG ," 深圳,中国 ", 技术 ,2021/10/2,"负责数据门户的web前端页面开发，优化页面性能，改善用户体验；
并根据产品和业务需求提供的合适技术实现方案。"
28603-微信支付反欺诈策略高级工程师（深圳）,WXG ," 深圳,中国 ", 技术 ,2021/10/2,"1. 深入理解支付业务，针对支付环节中欺诈、赌博等异常行为，洞察黑产的作案手法跟行为规律，并制定有效的风控策略实施打击；
2. 基于微信支付海量的用户、商户以及社交、支付关系数据，构建全面丰富的黑产画像和异常标签，提升打击策略效果；
3. 建设高效的分析工具和审计模型，搭建数据指标和监控体系，及时快速的掌握黑产动向；
4. 基于业务理解和数据分析，推动与周边团队的深入合作，完善整体的打击框架，净化支付生态。"
28603-微信支付数据挖掘工程师（深圳）,WXG ," 深圳,中国 ", 技术 ,2021/10/2,"负责微信支付运营活动、优惠券、积分商城、用户增长、行业运营（推荐）等场景的算法策略；
和产品、运营、工程团队配合,进行强数据驱动、算法驱动策略研发，以高效达成业务目标；
应用数据挖掘、统计分析、机器学习、深度学习等相关技术，驱动业务核心指标增长。"
28603-微信支付大数据工程后台开发高级工程师（深圳）,WXG ," 深圳,中国 ", 技术 ,2021/10/2,"岗位特色：基于海量微信支付数据，搭建全流程实时推荐系统、金融风控系统及其他实时数据服务，面临高并发、低时延、海量数据存储等系统挑战；参与微信支付业务系统的协同开发；
岗位职责：
负责微信支付大数据相关的工程应用平台开发，负责微信支付相关系统的协同建设开发。"
WXG01-微信iOS基础功能开发工程师(广州),WXG ," 广州,中国 ", 技术 ,2021/10/2,"1、负责微信iOS相关需求的研发工作及新技术预研，包括群聊天相关的新功能开发、群协作能力等。
2、与产品设计同学沟通合作，开发完成流畅，稳定，体验良好的产品"
WXG01-微信终端开发工程师（深圳）,WXG ," 深圳,中国 ", 技术 ,2021/10/2,"1、负责微信客户端业务开发、维护、性能优化； 
2、参与Android、MAC、Linux平台终端产品开发。包括微信基础通信、直播、小程序引擎等相关微信功能开发。"
WXG08-微信自然语言处理算法工程师（北京）,WXG ," 北京,中国 ", 技术 ,2021/10/2,"负责针对特定场景的NLP技术落地工作，包括但不限于算法的设计、工程实现以及持续改进；
负责部分NLP基础技术的研究探索工作；
负责NLP前沿技术方向的追踪，并对组内的规划提出建议。"
TEG17-自然语言处理高级研究员（深圳/西雅图）【HR-TEG】,TEG ," 深圳,中国 ", 技术 ,2021/10/2,"负责跟踪业界最新研究成果，根据实际应用效果不断改进模型或算法；
负责将前沿NLP技术/成果应用于内容理解、生成、机器翻译、问答系统等相关场景中；
负责探索自然语言处理领域的前沿成果，结合未来实际应用场景，提供技术解决方案。"
TEG17-机器学习研究员,TEG ," 深圳,中国 ", 技术 ,2021/10/2,"岗位职责：
1、 负责机器学习（尤其是深度学习领域）的理论研究和算法、模型开发，包括但不限于：图学习、生成学习、迁移学习、强化学习和各种优化方法尝试； 
2、 负责机器学习方向前沿问题的探索与研究，结合未来实际应用场景，提供全面的技术解决方案。包括但不限于：AI+医疗，AI+药物，AI+安全，AI+农业，AI+能源等。"
TEG17-深度学习研发工程师（深圳/西雅图）,TEG ," 深圳,中国 ", 技术 ,2021/10/2,"该岗位为机器学习和人工智能方向。主要职责包括但不限于：
负责机器学习（尤其是深度学习领域）的理论研究和算法、模型开发，包括但不限于：神经网络模型设计，元学习，自动超参数优化，在线学习和各种优化方法尝试
对业界经典算法和模型进行分布式版本开发，实现加速，丰富公司内部的公用并行算法库
对机器学习尤其是深度学习、元学习等前沿问题进行探索与研究，结合未来实际应用场景，提供全面的技术解决方案
对计算机视觉、语音识别、自然语言处理等领域提供模型支持，进行创新研究和落地产品开发"
TEG17-AI研发工程师（深圳/西雅图）,TEG ," 深圳,中国 ", 技术 ,2021/10/2,"与研究员合作开发研究模型和系统，主导工程部分的架构设计；
优化系统性能，在运行速度，内存，可靠性等方面达到实用水平；
对系统开发流程进行优化并制定软件工程开发标准。"
TEG17-农业AI高级算法研究员,TEG ," 深圳,中国 ", 技术 ,2021/10/2,"探索最前沿的强化学习算法，用于真实物理系统的闭环自动控制，优化控制目标
研究和发表学术成果及撰写专利
相关领域建立学术品牌和知识产权门槛"
TEG17-语音识别/合成研究员（北京/深圳）【HR-TEG】,TEG ," 北京,中国 ", 技术 ,2021/10/2,"负责语音识别/合成方向的技术研发工作，包括但不限于语音前端处理、声学模型/语言模型的建立、语言解码、语音合成(TTS)等；
负责语音识别/合成方向前沿问题的探索与研究；
结合未来实际应用场景，提供全面的技术解决方案；"
TEG17-后台开发工程师（深圳）,TEG ," 深圳,中国 ", 技术 ,2021/10/2,"1、 负责AI前沿研究技术的落地，主导工程部分的架构设计；
2、 与研究员在多个AI研究领域进行深入合作与对接，包括计算机视觉、语音识别、NLP等；
3、 参与落地业务的后台服务架构设计、研发、业务逻辑开发等工作；
4、 优化系统性能，在运行速度，内存，可靠性等方面达到实用水平。"
TEG17-客户端开发工程师（深圳）,TEG ," 深圳,中国 ", 技术 ,2021/10/2,"1、负责腾讯AI Lab产品的客户端技术的研发和优化，包括但不限于语音识别、合成、声纹等相关客户端及sdk的落地和优化；
2、涉及多平台的AI技术落地客户端，包括但不限于android，ios，windows等；
3、设计良好的代码结构，不断迭代重构，工程交付流程优化等；
4、前沿创新的AI技术落地于客户端，承担重点、难点的技术攻坚。"
TEG17-人脸人体视觉算法研究员（深圳）,TEG ," 深圳,中国 ", 技术 ,2021/10/2,"研发基于视频的人脸关键点提取，表情捕捉，人体骨骼关键点定位，三维姿态重建和运动捕捉等相关算法。
参与Lab内部前沿研究项目中相关技术的研发。
探索和推进有影响力的AI技术的研究和落地。"
TEG17-Web前端开发工程师（深圳）,TEG ," 深圳,中国 ", 技术 ,2021/10/2,"1、 负责AI Lab相关技术展示及项目运营管理系统的前端设计开发工作；
2、 负责内部运营系统的架构设计及开发，包括制定符合业务发展需要的前端方案；
3、 搭建前端架构以及核心代码实现；
4、 参与服务端接口设计共同完成项目开发运营任务。"
TEG17-运营开发工程师（深圳）,TEG ," 深圳,中国 ", 技术 ,2021/10/2,"1、 负责AI前沿技术相关业务的日常开发运营工作，包括计算机视觉、语音识别、NLP等；
2、 深刻理解业务需求，从业务层面整体规划架构选型并实现；
3、 组建运营系统的前后端架构以及核心代码实现、代码维护，保证运营交付;
4、 负责编写相关的系统设计文档、使用文档，对系统质量负责。"
27192-游戏NLP算法研究员,IEG ," 深圳,中国 ", 技术 ,2021/10/2,"1. 调用优化自然语言和机器学习算法、模型，优化分词、纠错、文本挖掘以及各类NLP算法；
2、对接推进IEG内外部文本数据内容、分析平台、供应商合作等，支持文本算法优化，协助游戏业务决策场景中的应用落地，包括但不限于：行业知识图谱、口碑深度分析、用户画像洞察等，辅助智能决策。
3. 关注业界动态，将最新的成果和工具应用于NLP算法的改进，构建团队基础研究能力。"
CSIG15-智能平台产品部-数据分析专家（北京）【HR-CSIG】,CSIG ," 北京,中国 ", 技术 ,2021/10/2,"负责产业互联网大数据项目的数据方案架构设计与实施。
1、负责产业互联网数据平台产品的方案设计和数据体系建设；
2、负责产业互联网大数据项目的数据治理、挖掘与应用；
3、负责产业互联网大数据应用标准的研究与制定。"
CSIG15-智能平台产品部-算法后台开发工程师（成都）,CSIG ," 成都,中国 ", 技术 ,2021/10/2,"1. 负责算法后台相关开发工作，包括不限于业务功能开发、性能调优、架构设计等；
2. 负责自然语言处理算法工程化落地工作，包括算法框架实现、算法基础构件工程化等工作。"
18428-金融科技财付通安全组件高级工程师(C++),CDG ," 深圳,中国 ", 技术 ,2021/10/2,"1.负责FiT金融线安全平台相关系统(票据、密钥、鉴权、权限等)的研发。
2.参与系统逻辑设计，架构设计，系统开发，日常运营，文档编写等工作。"
35601-内容处理后台开发工程师,PCG ," 深圳,中国 ", 技术 ,2021/10/2,"1. 负责腾讯看点信息流业务的后台系统开发工作
2. 负责海量数据、用户场景下的后台系统的持续优化迭代工作"
35597-腾讯看点Android/iOS开发工程师,PCG ," 深圳,中国 ", 技术 ,2021/10/2," 负责腾讯看点视频、商业化等相关产品的需求开发和功能维护;
负责客户端功能优化，播放SDK优化和维护，技术难点攻坚，新技术研究落地等工作；"
41072-腾讯云CDN运营开发工程师（深圳/厦门）,CSIG ," 深圳,中国 ", 技术 ,2021/10/2,"负责腾讯云后台运营系统的建设和研发工作，包括需求分析、架构设计、核心框架及组件的编码开发、运营维护等。
负责腾讯云计费结算和成本管理体系，海量数据模型设计、数据开发等工作；
参与项目的技术攻坚，重构优化；持续从技术上提升服务性能、稳定性，提升研发效能。"
41072-腾讯云CDN运营开发工程师,CSIG ," 深圳,中国 ", 技术 ,2021/10/2,"1、 负责腾讯云超大规模CDN平台架构设计、运营；
2、负责CDN运营平台，内部运营支撑系统的设计，开发和运营，包括平台部署架构、容量管理、容灾方案和运维平台的建设，保障平台持续稳定运营；
3、负责腾讯云CDN客户疑难问题定位、分析、解决及沉淀，推动客户问题解决流程的优化和相关工具的建设。"
41072-腾讯云CDN高级运维工程师,CSIG ," 深圳,中国 ", 技术 ,2021/10/2,"1、负责腾讯云超大规模CDN平台架构设计、运营；
2.、负责CDN运营平台，内部运营支撑系统的设计，开发和运营，包括平台部署架构、容量管理、容灾方案和运维平台的建设，保障平台持续稳定运营；
3、负责腾讯云CDN客户疑难问题定位、分析、解决及沉淀，推动客户问题解决流程的优化和相关工具的建设。"
41072-腾讯云CDN开发工程师（深圳）,CSIG ," 深圳,中国 ", 技术 ,2021/10/2,"1、负责腾讯云CDN产品功能的需求分析及后台开发工作；
2、负责腾讯云CDN运营平台的开发工作；"
41072-腾讯云CDN运营开发工程师,CSIG ," 深圳,中国 ", 技术 ,2021/10/2,负责腾讯云直播CDN运营支持系统以及工具系统的建设，负责直播CDN客户的对接，方案设计，以及调优，负责直播CDN整体的成本优化。
15612-开放世界UE4游戏客户端开发工程师（深圳）,IEG ," 深圳,中国 ", 技术 ,2021/10/2,"负责UE4游戏客户端功能的设计、实现和调试；
负责美术、策划的工具流与工具管线的开发；
负责优化游戏客户端性能，改进用户体验。"
15612-开放世界UE4游戏客户端主程（深圳）,IEG ," 深圳,中国 ", 技术 ,2021/10/2,"负责游戏客户端的技术方案、架构设计及核心模块的开发；
负责游戏客户端团队搭建与管理；
负责美术、策划的工具流与工具管线的开发；
协同美术、策划等其他工作岗位，持续改进客户端性能与用户体验；"
19511-Web前端开发（深圳）,IEG ," 深圳,中国 ", 技术 ,2021/10/2,"负责业务web前端和小程序开发工作；
参与日常产品特性的讨论，评估项目的可行性，负责项目从原型到开发，测试，发布；
负责用户体验优化，包括但不限于：业务流程、交互、性能、安全等；
通过工具与组件的开发与持续优化，提升团队工作效率。"
29569-虚拟银行后台开发工程师（深圳）,CDG ," 深圳,中国 ", 技术 ,2021/10/2,"1.负责互联网银行相关产品系统的设计与开发，参与重大产品需求和架构设计评审，保证产品设计与架构的合理性
2.负责支持互联银行相关产品系统的日常运营，保证系统稳定高效运行
3.通过金融科技，提升香港银行的用户体验，打造领先国际的金融科技产品。"
29569-银行核心系统Java开发工程师,CDG ," 深圳,中国 ", 技术 ,2021/10/2,"1、负责银行核心系统的设计、开发、测试，保障系统满足合规要求、业务需求，以及安全、可用性、性能、事务性、代码质量等技术维度的要求；
2、负责支持银行核心系统的日常运营，保证系统稳定高效运行。"
29569-虚拟银行后台开发工程师（C++/java）,CDG ," 深圳,中国 ", 技术 ,2021/10/2,"1.负责互联网银行相关产品系统的设计与开发，参与重大产品需求和架构设计评审，保证产品设计与架构的合理性
2.负责支持互联银行相关产品系统的日常运营，保证系统稳定高效运行
3.通过金融科技，提升香港银行的用户体验，打造领先国际的金融科技产品。"
41071-腾讯会议业务后端研发leader(北京),CSIG ," 北京,中国 ", 技术 ,2021/10/2,"岗位职责：
1、负责腾讯会议后台的整体功能开发和规划;
2、负责会议后台研发团队搭建和管理工作;
3、具有良好的业务抽象能力，对研发团队的质量和效率负责."
41071-腾讯会议业务后端研发leader（广州）,CSIG ," 广州,中国 ", 技术 ,2021/10/2,"岗位职责：
1、负责腾讯会议后台的整体功能开发和规划;
2、负责会议后台研发团队搭建和管理工作;
3、具有良好的业务抽象能力，对研发团队的质量和效率负责."
41071-视频编解码算法工程师-感知编码方向（深圳）,CSIG ," 深圳,中国 ", 技术 ,2021/10/2,"1、参与视频编解码内核的实现和优化，包括H.264,H.265, AV1等；
2、研究感知编码及主观视觉相关的技术，与编码器结合，优化主观体验和带宽."
41071-腾讯云 SDK 终端研发工程师(iOS&Mac 方向)（深圳）,CSIG ," 深圳,中国 ", 技术 ,2021/10/2,"（1）负责腾讯云终端 SDK 的功能开发和效果优化相关;
（2）包括 “IM SDK”，用于实现点对点和群组内的文本、图片和文件等即时消息的通信；
（3）包括 “RTC SDK”，用于视频通话，在线会议，互动教育等领域的实时音视频通信;
（4）包括 “直播SDK”，用于实现直播推拉流、互动连麦等电商直播和娱乐直播的终端能力;
（5）包括 “短视频SDK”，用于实现视频录制、特效编辑、视频发布、视频点播等一体化的在线流媒体能力;
（6）团队技术氛围浓厚，培训体系完善，产品线多样，诚盼客户端开发经验丰富且对以上任一方向感兴趣的技术达人加入我们。"
41071-腾讯云 SDK 终端研发工程师(iOS&Mac 方向)（北京）,CSIG ," 北京,中国 ", 技术 ,2021/10/2,"（1）负责腾讯云终端 SDK 的功能开发和效果优化相关;
（2）包括 “IM SDK”，用于实现点对点和群组内的文本、图片和文件等即时消息的通信；
（3）包括 “RTC SDK”，用于视频通话，在线会议，互动教育等领域的实时音视频通信;
（4）包括 “直播SDK”，用于实现直播推拉流、互动连麦等电商直播和娱乐直播的终端能力;
（5）包括 “短视频SDK”，用于实现视频录制、特效编辑、视频发布、视频点播等一体化的在线流媒体能力;
（6）团队技术氛围浓厚，培训体系完善，产品线多样，诚盼客户端开发经验丰富且对以上任一方向感兴趣的技术达人加入我们。"
41071-腾讯云 SDK 终端研发工程师(iOS&Mac 方向)（上海）,CSIG ," 上海,中国 ", 技术 ,2021/10/2,"（1）负责腾讯云终端 SDK 的功能开发和效果优化相关;
（2）包括 “IM SDK”，用于实现点对点和群组内的文本、图片和文件等即时消息的通信；
（3）包括 “RTC SDK”，用于视频通话，在线会议，互动教育等领域的实时音视频通信;
（4）包括 “直播SDK”，用于实现直播推拉流、互动连麦等电商直播和娱乐直播的终端能力;
（5）包括 “短视频SDK”，用于实现视频录制、特效编辑、视频发布、视频点播等一体化的在线流媒体能力;
（6）团队技术氛围浓厚，培训体系完善，产品线多样，诚盼客户端开发经验丰富且对以上任一方向感兴趣的技术达人加入我们。"
41071-腾讯云 SDK 终端研发工程师(iOS&Mac 方向)（广州）,CSIG ," 广州,中国 ", 技术 ,2021/10/2,"（1）负责腾讯云终端 SDK 的功能开发和效果优化相关;
（2）包括 “IM SDK”，用于实现点对点和群组内的文本、图片和文件等即时消息的通信；
（3）包括 “RTC SDK”，用于视频通话，在线会议，互动教育等领域的实时音视频通信;
（4）包括 “直播SDK”，用于实现直播推拉流、互动连麦等电商直播和娱乐直播的终端能力;
（5）包括 “短视频SDK”，用于实现视频录制、特效编辑、视频发布、视频点播等一体化的在线流媒体能力;
（6）团队技术氛围浓厚，培训体系完善，产品线多样，诚盼客户端开发经验丰富且对以上任一方向感兴趣的技术达人加入我们。"
41071-腾讯云 SDK 终端研发工程师(Android 方向)（上海）,CSIG ," 上海,中国 ", 技术 ,2021/10/2,"（1）负责腾讯云终端 SDK 的功能开发和效果优化相关;
（2）包括 “IM SDK”，用于实现点对点和群组内的文本、图片和文件等即时消息的通信；
（3）包括 “RTC SDK”，用于视频通话，在线会议，互动教育等领域的实时音视频通信;
（4）包括 “直播SDK”，用于实现直播推拉流、互动连麦等电商直播和娱乐直播的终端能力;
（5）包括 “短视频SDK”，用于实现视频录制、特效编辑、视频发布、视频点播等一体化的在线流媒体能力;
（6）团队技术氛围浓厚，培训体系完善，产品线多样，诚盼客户端开发经验丰富且对以上任一方向感兴趣的技术达人加入我们。"
41071-腾讯云 SDK 终端研发工程师(Android 方向)（广州）,CSIG ," 广州,中国 ", 技术 ,2021/10/2,"（1）负责腾讯云终端 SDK 的功能开发和效果优化相关;
（2）包括 “IM SDK”，用于实现点对点和群组内的文本、图片和文件等即时消息的通信；
（3）包括 “RTC SDK”，用于视频通话，在线会议，互动教育等领域的实时音视频通信;
（4）包括 “直播SDK”，用于实现直播推拉流、互动连麦等电商直播和娱乐直播的终端能力;
（5）包括 “短视频SDK”，用于实现视频录制、特效编辑、视频发布、视频点播等一体化的在线流媒体能力;
（6）团队技术氛围浓厚，培训体系完善，产品线多样，诚盼客户端开发经验丰富且对以上任一方向感兴趣的技术达人加入我们。"
41071-腾讯会议计算机视觉算法高级研究员,CSIG ," 深圳,中国 ", 技术 ,2021/10/2,"1. 参与实时视频会议场景下低功耗图像/视频处理算法研究，包括底层视觉处理和中高层视频理解技术研究；底层视觉处理主要包括：超分、降噪、去块效应、画质增强等，视频理解主要包括：人像分割、场景识别、视频检索、物体检测等；
2. 负责跟进和探索业界前沿技术，并将相关技术落地到实时视频会议平台。"
41071-腾讯会议NLP算法高级研究员,CSIG ," 深圳,中国 ", 技术 ,2021/10/2,"1. 参与实时视频会议场景下NLP基础能力建设，知识图谱，会议记录检索，结构化信息生成，多模态算法研究等任务；
2. 负责跟进和探索业界前沿技术，并将相关技术落地到实时视频会议平台；"
18435-反洗钱风险挖掘工程师,CDG ," 深圳,中国 ", 技术 ,2021/10/2,"通过分析海量用户和交易数据，研究各类洗钱风险、上游犯罪等行为模式，建立用户的可疑交易监测模型，提升平台的可疑交易识别能力，控制洗钱风险；
针对不同的业务，进行可疑交易监测体系评估和建设，全面提升公司整体风险控制水平及技能。"
41071-腾讯会议后端架构师,CSIG ," 深圳,中国 ", 技术 ,2021/10/2,"腾讯会议后台的架构设计与规划；
腾讯会议后台核心模块的研发与技术优化；
腾讯会议后台交付流程与能力建设。"
41071-腾讯会议媒体研发工程师,CSIG ," 北京,中国 ", 技术 ,2021/10/2,"1、负责腾讯会议后台的业务后台功能开发和规划;
2、负责会议业务后台研发团队搭建和管理工作;
3、具有良好的业务抽象能力，对研发团队的质量和效率负责."
41071-腾讯会议后端研发工程师,CSIG ," 北京,中国 ", 技术 ,2021/10/2,"1、负责产品核心系统的研发工作；
2、参与制定前后端业务流程、接口协议、文档输出等；
3、参与项目研发、部署及日常运维工作；"
41071-腾讯会议数据挖掘工程师（深圳）,CSIG ," 深圳,中国 ", 技术 ,2021/10/2,"1、负责腾讯会议数据体系的建设，完善数据采集、清洗、存储、指标体系、数据仓库的建设工作；
2、负责腾讯会议标签挖掘、画像系统建设相关工作；
3、利用机器学习、数据分析相关技术，解决实际业务问题，为不同业务场景提供有效解决方案，提升数据驱动决策的能力"
41071-腾讯会议数据挖掘工程师（广州）,CSIG ," 广州,中国 ", 技术 ,2021/10/2,"1、负责腾讯会议数据体系的建设，完善数据采集、清洗、存储、指标体系、数据仓库的建设工作；
2、负责腾讯会议标签挖掘、画像系统建设相关工作；
3、利用机器学习、数据分析相关技术，解决实际业务问题，为不同业务场景提供有效解决方案，提升数据驱动决策的能力"
41071-腾讯会议NLP算法工程师（深圳）,CSIG ," 深圳,中国 ", 技术 ,2021/10/2,"1、负责腾讯会议标签的挖掘工作，对标题、UGC内容进行特征挖掘，包括但不限于文本分类、关键词提取、实体挖掘等； 
2、跟踪业界最新研究成果，根据实际应用效果不断改进模型或算法，以及将前沿NLP技术/成果应用于业务相关场景中


1、良好的逻辑思维能力，较好自驱力；有敏锐的数据洞察力，较强的总结归纳能力优先； 
2、精通python/scala/java/c++至少一种开发语言；有较好的算法基础及工程实践优先；  
3、扎实的机器学习和自然语言处理基础；在NLP领域有相关的工作经验优先；
4、有较强的研究能力；顶级会议发表过高质量论文者优先
5、熟悉深度学习平台如tensorflow，pytorch，caffe等
通过腾讯云从业资格证或同等资格认证的优先录取"
41071-腾讯会议业务后端研发leader（深圳/北京/广州）,CSIG ," 深圳,中国 ", 技术 ,2021/10/2,"岗位职责：
1、负责腾讯会议后台的整体功能开发和规划;
2、负责会议后台研发团队搭建和管理工作;
3、具有良好的业务抽象能力，对研发团队的质量和效率负责."
41071-腾讯会议后端研发工程师-专项R,CSIG ," 广州,中国 ", 技术 ,2021/10/2,"1、负责产品核心系统的研发工作；
2、参与制定前后端业务流程、接口协议、文档输出等；
3、参与项目研发、部署及日常运维工作；"
41071-腾讯会议数据分析工程师-专项R,CSIG ," 深圳,中国 ", 技术 ,2021/10/2,"1、负责腾讯会议的数据仓库、数据建模、数据分析、数据可视化开发工作；
2、负责优化现有业务数据分析工具，通过科学方法持续优化数据分析效能；
3、负责提升产品&运营团队基于数据驱动决策的效率和准确性，针对各行业数据的指标进行体系化梳理和建设；
4、负责腾讯会议数据治理，通过数据入库、校验、清洗，保证数据质量；
5、负责腾讯会议的数据标签挖掘、运营模型搭建工作；
6、持续产出行业洞察，跟踪分析竞争对手、行业趋势等，形成商业分析并洞察其中的商业机会。"
41071-腾讯会议C++/Windows高级开发工程师,CSIG ," 广州,中国 ", 技术 ,2021/10/2,"  1. 负责腾讯会议 C++ 跨平台框架的开发和维护
  2. 负责腾讯会议 C++ 跨平台框架架构设计"
41071-腾讯会议Android高级研发工程师,CSIG ," 广州,中国 ", 技术 ,2021/10/2,"1. 负责腾讯会议Android终端功能模块开发；
2. 负责腾讯会议Android终端的稳定性及性能优化；
3. 负责腾讯会议Android端SAAS框架封装及设计；
4. 负责项目重点、难点的技术攻坚以及移动端新技术预研等。"
41071-腾讯会议iOS/Mac高级研发工程师,CSIG ," 广州,中国 ", 技术 ,2021/10/2,"1、负责腾讯会议 iOS 终端功能模块开发或架构优化工作；
2、负责高质量的方案设计和编码，不断迭代重构；
3、负责项目重点、难点的技术攻坚以及移动端新技术预研等。"
41071-腾讯会议数据分析工程师,CSIG ," 深圳,中国 ", 技术 ,2021/10/2,"1、负责腾讯会议的数据仓库、数据建模、数据分析、数据可视化开发工作；
2、负责优化现有业务数据分析工具，通过科学方法持续优化数据分析效能；
3、负责提升产品&运营团队基于数据驱动决策的效率和准确性，针对各行业数据的指标进行体系化梳理和建设；
4、负责腾讯会议数据治理，通过数据入库、校验、清洗，保证数据质量；
5、负责腾讯会议的数据标签挖掘、运营模型搭建工作；
6、持续产出行业洞察，跟踪分析竞争对手、行业趋势等，形成商业分析并洞察其中的商业机会。"
CSIG16-地图数据平台开发工程师(情报方向),CSIG ," 北京,中国 ", 技术 ,2021/10/2,"1 参与地图数据全业务子系统的系统建设、架构设计、功能开发和优化等工作
2 负责地图数据业务后台的系统架构设计和模块开发，为地图数据业务开发高性能、低延迟的数据存储、访问系统和数据流系统
3 负责地图道路数据和道路情报数据的挖掘体系和平台建设"
26699-智慧零售数据中心数据分析工程师,CSIG ," 深圳,中国 ", 技术 ,2021/10/1,负责整合设计腾讯零售数据标准，构建智慧零售数据平台体系，针对不同的数据类型，形成深入的数据分析方法及沉淀，支持智慧零售相关数据产品功能开发； 
26699-智慧零售数据中心前端开发工程师,CSIG ," 深圳,中国 ", 技术 ,2021/10/1,负责智慧零售数据产品的前端开发、腾讯广告数据接入SDK的开发与维护；负责前端技术的探索和技术优化及公共组件的开发；负责系统的架构设计，编码实现、重构和优化；学习和研究新技术以满足产品需求。
26699-智慧零售研发中心数据分析工程师（深圳）,CSIG ," 深圳,中国 ", 技术 ,2021/10/1,"1、结合业务场景，开展专项数据挖掘分析，从数据角度识别和解决业务问题;
2、结合客户需求和痛点，将数据分析思路和框架沉淀为数据产品解决方案;
3、负责建立业务的数据指标体系，监控和分析业务运营情况."
26699-智慧零售研发中心大数据开发工程师（深圳）,CSIG ," 深圳,中国 ", 技术 ,2021/10/1,1、负责智慧零售大数据采集、清洗、计算、分析、可视化等相关工作，保证数据质量 2、基于对业务的理解，抽象业务核心逻辑，梳理和设计数据指标体系，建立数据分析模型，辅助客户决策 3、负责etl需求分析，进行数据模型设计
WXG04-微信小游戏前端开发工程师（深圳/广州）,WXG ," 广州,中国 ", 技术 ,2021/10/1,"* 负责小游戏平台能力开发（MP端，小游戏助手），帮助开发者降低运营成本
* 负责改善小游戏的玩家体验，更好得发现小游戏，及优化玩家端产品体验
* 推动开放技术能力，通过小游戏技术能力升级，优化游戏性能及表现"
TEG09-技术服务高级工程师（深圳）,TEG ," 深圳,中国 ", 技术 ,2021/10/1,"1. 负责腾讯云客户CLB/EIP问题的技术支持，快速响应及解决客户的技术问题，提升客户满意度；
2. 负责对CLB/EIP问题分析解决，打磨并提升产品能力及平台能力；
3. 负责通过技术手段，流程制度提升客户问题的解决效率及故障恢复效率；
4. 负责主动分析客户侧网络潜在隐患并引导、协助客户进行故障规避优化及可靠性提升；"
TEG09-CDN数据开发工程师（深圳）,TEG ," 深圳,中国 ", 技术 ,2021/10/1,"1.负责cdn的日志存储；
2.负责cdn的日志统计及监控；
3.负责cdn业务的计费等PB级大数据平台的设计与实现。"
TEG09-存储平台研发组长（深圳）【HR-TEG】,TEG ," 深圳,中国 ", 技术 ,2021/10/1,"负责腾讯分布式存储相关技术方向的规划，负责存储产品的前瞻性技术拓展和探索；
负责腾讯云对象存储服务，及其他存储产品的架构设计和技术研发；
指导并培养相关技术方向的团队成员，带领团队不断攻克技术难题；
致力于打造顶级企业级海量存储系统，为腾讯内外各种产品、各个客户提供极致的服务质量及用户体验。"
TEG09-云网络研发高级工程师（深圳/北京）,TEG ," 深圳,中国 ", 技术 ,2021/10/1,"负责腾讯云负载均衡的研发和优化工作；
负责腾讯云弹性网络的研发和优化工作；
参与腾讯云网关的架构设计，升级和优化"
TEG09-AI编译器高级工程师,TEG ," 深圳,中国 ", 技术 ,2021/10/1,"1) 主要负责AI编译器相关架构设计等工作；
2) 主要负责 AI 芯片相关工具链开发；
3) 主要负责AI 芯片编译器性能优化；
4) 主要负责算子开发DSL语言设计。"
TEG09-机器学习平台专家架构师（深圳/北京）【HR-TEG】,TEG ," 深圳,中国 ", 技术 ,2021/10/1,"负责平台上各大AI业务场景 高性能计算解决方案的设计和研发工作；
负责高性能AI技术栈优化工作，涉及计算框架，通信框架，AI，数据传输等，及软硬件结合优化；
负责打造行业技术影响力，引领技术发展方向，包括前沿技术调研、效果评估、可行性研究和指导落地。"
TEG09-芯片设计工程师（深圳/北京）,TEG ," 深圳,中国 ", 技术 ,2021/10/1,"参与SoC/IP 系统/子系统的设计和实现；
负责模块架构设计和实现；
支撑 SoC/IP 的系统集成，以及文档编写；
与性能分析团队一起进行芯片性能改进；
与设计验证团队一起制定验证测试计划，覆盖率分析，芯片仿真以及调试；"
TEG09-高性能模型和算子库开发工程师（深圳/北京）,TEG ," 深圳,中国 ", 技术 ,2021/10/1,"负责AI算子在NPU上的实现与优化;
负责神经网络模型的性能分析评估和提出优化策略;
协同AI编译器团队进行性能优化;"
TEG09-人工智能性能优化架构师（深圳/北京）,TEG ," 深圳,中国 ", 技术 ,2021/10/1,"目标：
我们正在寻找自我激励，经验丰富，才华横溢的AI候选人，以推动AI ASIC系统架构以及数据中心，医疗诊断和IoT应用的性能优化。
领导ASIC可行性研究并分析，描述和优化AI用户案例下的AI训练/推理的工作负载；
定义ASIC处理数据流和系统计算架构以及硬件/软件划分；
驱动深度神经网络的流程，算法和精度分析以及架构折衷分析；
确定系统/算法级别的性能瓶颈，并提出创造性的改进解决方案；
研究工作负载，数据模式和压缩技术，以减少ASIC总线和内存带宽；
研究工作负载调度和算法结构技术，以减少延迟，增加吞吐量；
研究新型深度神经网络技术，以探索AI应用系统架构创新；
共同开发性能高级模型，系统架构和基准测试；"
TEG09-人工智能建模仿真架构师(深圳/北京）,TEG ," 深圳,中国 ", 技术 ,2021/10/1,"目标：
我们正在寻找自我激励，经验丰富，才华横溢的AI候选人，以推动AI ASIC系统性能模型和数据中心，医疗诊断和IoT应用的基准测试；
领导开发用于AI训练/推断ASIC处理数据流的高级性能模型；
推动基准测试，测试向量，数据集和系统回归流程的开发和部署；
开发用于系统性能验证的高级模型，供系统体系结构团队使用；
开发SW团队和DV团队使用的用于ASIC验证的微体系结构参考模型；
提供单元级别和end2end测试平台，以分析，概括和优化AI训练/推断工作负载；
分析系统带宽和延迟，工作负载分布，确定系统性能瓶颈；
分析性能计数器并创建高级算法复杂性性能模型；
研究新模型技术和机器学习算法，以探索系统架构创新；"
TEG09-SoC建模架构师（深圳/北京）,TEG ," 深圳,中国 ", 技术 ,2021/10/1,"目标：
我们正在寻找有上进心，经验丰富，才华横溢的ASIC候选人，以推动SoC系统性能模型和基准测试，用于数据中心，医疗诊断和IoT应用；
领导开发针对AI和多媒体应用的用户案例的高级性能模型；
推动基准测试，测试向量，数据集和系统回归流程的开发和部署；
开发用于系统性能验证的高级模型，供系统架构团队使用；
为主要用例提供性能参数（日期速率，总线，noc，缓冲区，缓存，内存）；
分析系统带宽和延迟，工作负载分布，确定系统性能瓶颈；
分析性能计数器并创建高级算法复杂性性能模型；
研究新的系统模型技术和新平台，以进行系统架构探索；"
TEG09-DSP视觉架构师(深圳/北京）,TEG ," 深圳,中国 ", 技术 ,2021/10/1,"目标：
我们正在寻找有上进心，经验丰富，才华横溢的视觉背景候选人，推动ASIC DSP性能分析和优化，以用于数据中心，医疗诊断和IoT应用；
领导视觉DSP处理器分析，概括和优化SoC应用的多媒体用户案例；
定义视觉处理数据流和DSP计算架构；
驱动算法，质量，精度分析和DSP处理管道架构权衡分析；
确定算法级别的性能瓶颈，并提出创新的硬件/软件改进解决方案；
研究工作负载，数据pattern和压缩技术，以减少ASIC总线和内存带宽；
研究工作负载调度和算法结构技术，以减少延迟，增加吞吐量；
研究新颖的多媒体算法和处理技术，以探索DSP体系结构；
共同开发性能高级模型，系统架构和基准测试；"
TEG09-流量调度系统后台研发工程师（北京）,TEG ," 北京,中国 ", 技术 ,2021/10/1,"负责腾讯CDN流量调度系统后台模块的研发；
负责CDN动态加速选路和流量调度系统设计和研发；
负责核心调度算法设计和研发。"
TEG09-图形引擎高级研发工程师（深圳/上海）,TEG ," 深圳,中国 ", 技术 ,2021/10/1,"负责高性能云渲染图形引擎设计开发；
负责架构、算法等核心关键技术的突破；
负责图形引擎关键技术的研究对应新一代云原生内容设计工作流中涉及的工具开发。"
TEG09-UE4 资深研发工程师（深圳/上海）,TEG ," 深圳,中国 ", 技术 ,2021/10/1,"负责基础渲染功能模块开发相关渲染功能或者着色算法的定制研发，指导团队成员完成相应的工作；
负责高质量地渲染并根据实际问题进行相关效率优化；
负责项目在业务场景中的工程实践；
熟悉UE4中的PBR渲染流水线改造，并负责这项目实际场景中落地；"
TEG09-视频编解码高级研发工程师（深圳/北京）,TEG ," 深圳,中国 ", 技术 ,2021/10/1,"265/AV1/266编码器的研发，包括编码框架和数据流、码控、汇编、压缩工具、加速算法等技术点；
RTC场景下终端编码器的研发，包括不同平台的汇编、结合会议场景的编码算法优化、SVC/SCC编码工具、AI编码等技术点；
负责视频编码器在各种平台的研发实现以及终端编码的设计和优化。"
TEG05-研发效能高级研发工程师,TEG ," 深圳,中国 ", 技术 ,2021/10/1,参与业务产品研发全流程，包括质量策略、需求评审、测试计划、用例设计、缺陷跟踪、自动化测试、质量分析、风险防控等工作。
CSIG15-智能平台部--数据分析师,CSIG ," 北京,中国 ", 技术 ,2021/10/1,"负责产业互联网大数据方案架构、分析与应用
1、负责产业互联网大数据项目的数据体系建设；
2、负责产业互联网大数据项目的数据治理、挖掘与应用；
3、负责产业互联网大数据应用标准的研究与制定。"
30628-腾讯广告运营后台开发工程师,CDG ," 深圳,中国 ", 技术 ,2021/10/1,"1. 负责运营平台功能开发和优化，从业务层面整体规划架构选型并实现；
2. 持续提升平台运营效率和质量,降低运营成本。"
30628-腾讯广告运营前端开发工程师,CDG ," 深圳,中国 ", 技术 ,2021/10/1,"1. 负责BG运营平台的前端开发和维护工作。
2. 参与相关平台前端架构设计、性能优化、公共组件的开发与维护。
3. 能够有效理解、分析用户需求，对平台进行前瞻性的规划和设计。"
22989-Linux内核/虚拟化/容器专家（北京、上海、深圳、成都、西安）,CSIG ," 深圳,中国 ", 技术 ,2021/10/1,"研发前沿Linux内核、虚拟化和容器技术, 包括并不限于Linux内核核心子系统、KVM、cgroup等;
面向开源社区, 将技术成果贡献到开源社区, 提高腾讯云在开源社区和业界的技术影响力。"
22850-腾讯视频应用技术总监(深圳/北京),PCG ," 深圳,中国 ", 技术 ,2021/10/1,"负责腾讯视频会员业务应用侧技术架构和研发工作；
负责团队管理以及外部协作工作；
带领团队持续提升研发质量及效率。"
WXG08-微信搜索自然语言处理高级算法工程师（北京/广州/深圳）,WXG ," 北京,中国 ", 技术 ,2021/10/1,负责微信搜索场景下的文本分词索引项选取，query处理，文档理解相关的算法工作。
WXG08-微信自然语言处理研发工程师（北京）,WXG ," 北京,中国 ", 技术 ,2021/10/1,"责微信搜索文本相关性和语义分析工作，解决搜索中语义漂移问题；
负责微信搜索query分析、意图、改写等相关工作。"
35601-信息流Web前端高级开发工程师,PCG ," 深圳,中国 ", 技术 ,2021/10/1,"负责部门业务的web前端架构设计和研发；
负责团队开源项目建设和工具研发；
研究和探索前端新技术,能帮助团队建立对前端新技术的引导与评估；"
18435-金融科技Java后台开发工程师,CDG ," 深圳,中国 ", 技术 ,2021/10/1,"负责金融科技风控内部运营系统的开发；
能在合适场景，利用大数据、机器学习的技术，提升开发与运营效率；"
18435-大数据开发工程师,CDG ," 深圳,中国 ", 技术 ,2021/10/1,"负责金融风控业务需求的开发实现；
负责图计算及图数据库业务的开发及实现；
负责风控准实时系统的大数据风控模型计算开发及性能优化，架构优化。"
27141-知名IP射击手游服务器开发工程师（深圳）,IEG ," 深圳,中国 ", 技术 ,2021/10/1,"负责射击类手机游戏服务器逻辑功能设计编码以及运营开发工作；
负责部分服务器端的架构工作；
负责部分服务器端的性能优化工作。"
27141-知名IP射击手游资深UE4引擎工程师（广州）,IEG ," 广州,中国 ", 技术 ,2021/10/1,"1.定制UE4引擎，包含但不限于前沿的渲染、动画、物理或寻路方案；定制引擎底层功能模块；
2.优化IOS/Android上的游戏性能；
3.配合TA/LD共同制订3D美术/动画/关卡制作标准及工作流；
4.开发引擎配套工具。"
35605-数据研发工程师,PCG ," 深圳,中国 ", 技术 ,2021/10/1,"1.负责看点业务数据的ETL加工和数据校验
2.负责离线数仓的架构设计和开发规范制定
3.负责实时OLAP系统的整体架构设计、开发及优化
4.负责BI系统、数据分析平台的设计与搭建"
23295-互娱流量接入系统测试开发工程师,IEG ," 深圳,中国 ", 技术 ,2021/10/1,"1、参与系统后台测试，包括参与需求分析、设计评审、制定测试计划，设计和执行测试用例，进行缺陷跟踪和软件质量分析等；
2、制定测试计划，构建测试环境，执行集成测试，回归测试等；
3、保证被测系统的质量，并通过测试流程和方法创新，努力提升研发的质量和效率。
4、针对现有平台的特性提出新的测试方案，引入或者开发新的测试方法和测试工具，提升测试效率；"
23295-IEG增长中台电竞生态技术总监,IEG ," 深圳,中国 ", 技术 ,2021/10/1,"1、负责腾讯游戏电竞中台的系统设计，架构设计和组织开发实施；
2、包括腾讯电竞业务开展和对外合作过程中所需要的技术平台基础功能，终端用户玩法体验的搭建，技术保障和性能优化；
3、重点攻克电竞保障技术，包括直转播网络传输后台的设计、研发、运营和优化；相关网络通信技术的传输策略，信息处理软硬件融合优化，流控策略，传输调度策略等的性能优化，安全保障等；
4、远程制播中心规划，建设，研发，维护等；不断提升电竞技术和运维人员的效率提升；"
40163-王者荣耀人工智能应用工程师（上海）,IEG ," 上海,中国 ", 技术 ,2021/9/30,"1. 使用强化学习、机器学习、深度学习相关的知识，在游戏玩法中寻找落地场景，并负责落地实施，帮助团队提高发开效率，提供新的工具链支持；
2. 跟进人工智能相关领域的最新成果，及时的将可能对项目产生巨大促进的技术进行分享；
3. 跨部门合作，完成与各种研究及中台部分合作达成相关研究成果在工程中的落地工作。"
40163-王者荣耀游戏AI开发工程师（上海）,IEG ," 上海,中国 ", 技术 ,2021/9/30,"1. 根据项目需求，进行AI相关功能的专项开发；
2. 负责和项目其他部门进行协调、合作，共同完成游戏内容的开发工作；
3. 围绕AI相关功能的工具链开发，以及面向团队的AI模块的后期维护及服务支持。"
40163-王者荣耀开放世界引擎工具开发工程师（成都）,IEG ," 成都,中国 ", 技术 ,2021/9/30,"1、负责3A游戏in-house工具链研发及管线搭建；
2、负责Unreal引擎编辑器功能开发与扩展；
3、负责美术/策划内容制作和流程优化相关工具研发；
4、负责游戏项目质量保障工具链及平台研发；
5、负责全球分布式团队研发效率优化及协同能力研发。"
36811-腾讯新闻高级推荐架构工程师,PCG ," 北京,中国 ", 技术 ,2021/9/30,参与腾讯新闻插件\push推荐架构系统设计、开发与实现，每日承载数亿级用户的推荐计算；调优推荐架构的高并发计算能力及通用性； 根据系统和业务发展，对技术架构不断调整，持续优化。
23486-证券高级前端工程师（深圳/北京）,CDG ," 深圳,中国 ", 技术 ,2021/9/30,"1、负责证券框架、性能、安全和运营建设等架构工作
2、负责证券相关H5、小程序和App混合应用等开发工作
3、跟踪前沿技术和标准，持续性能优化，提升用户体验"
CSIG17-在线教育高级测试开发工程师（深圳）,CSIG ," 深圳,中国 ", 技术 ,2021/9/30,"1.负责在线教育产品的质量保障工作，以及专项测试技术、效能工具和平台等相关工作；
2.推进各端自动化体系、专项测试体系、工具平台的建设和优化，持续提升测试效率；
3.推动整个研发团队的质量意识，在保障高质量的同时通过devops提升研发效能。"
15571-《UE4写实军事大世界射击手游》客户端开发（深圳）,IEG ," 深圳,中国 ", 技术 ,2021/9/30,"负责UE4射击类手游项目的GamePlay设计与开发； 
负责UE4射击类手游项目的系统框架的搭建与维护； 
负责UE4射击类手游项目前后台同步方案的实现和优化； 
负责UE4射击类手游项目的深度性能分析和优化； 
负责UE4射击类手游项目高品质动画方案的设计与实现； 
负责UE4大世界开发工作流及制作管线的制定与工具支持； 与后台开发以及策划设计人员进行良好的沟通，完成游戏功能的开发和优化。"
15571-《UE4写实军事大世界射击手游》高级引擎开发（深圳）,IEG ," 深圳,中国 ", 技术 ,2021/9/30,"负责开放世界相关技术的研发工作：
地形，植被，光影，Houdini工具链，底层网络； 负责开放大世界前沿技术预研；
负责游戏中图形相关特性的开发，根据需求开发高级渲染效果，增强游戏表现力； 
负责游戏动画特性开发，并和动画团队合作提升FPS游戏动画品质 负责游戏中动画物理特性的开发，根据需求开发高级动画效果，增强游戏表现力； 
负责载具/破碎/角色物理动画等高级物理特性研发，适用于工作室游戏产品中； 负责制定工作室研发工具管线方案，开发low-level tools和引擎功能，帮助研发团队提升研发效率；
负责游戏中性能优化相关工作，针对需求定制增改Unreal4引擎底层功能； 负责图形兼容性分析以及疑难问题的分析定位工作。"
15571-《UE4写实军事大世界射击手游》高级引擎开发（上海）,IEG ," 上海,中国 ", 技术 ,2021/9/30,"负责开放世界相关技术的研发工作：地形，植被，光影，Houdini工具链，底层网络；
负责开放大世界前沿技术预研；
负责游戏中图形相关特性的开发，根据需求开发高级渲染效果，增强游戏表现力；
负责游戏动画特性开发，并和动画团队合作提升FPS游戏动画品质
负责游戏中动画物理特性的开发，根据需求开发高级动画效果，增强游戏表现力；
负责载具/破碎/角色物理动画等高级物理特性研发，适用于工作室游戏产品中；
负责制定工作室研发工具管线方案，开发low-level tools和引擎功能，帮助研发团队提升研发效率；
负责游戏中性能优化相关工作，针对需求定制增改Unreal4引擎底层功能；
负责图形兼容性分析以及疑难问题的分析定位工作。"
23486-证券高级IOS工程师,CDG ," 北京,中国 ", 技术 ,2021/9/30,"1.负责证券业务IOS端APP和服务的功能开发、架构及性能优化；
2.根据产品及开发需求完成高质量的编码和测试工作；
3.编写清晰的设计及接口文档，积极推动所负责业务模块的性能优化及需求落地；
4.持续优化代码架构, 提升产品质量。"
23486-证券高级安卓工程师,CDG ," 北京,中国 ", 技术 ,2021/9/30," 1.负责自选股业务安卓端APP和服务的功能开发、架构及性能优化；
2.根据产品及开发需求完成高质量的编码和测试工作；
3.编写清晰的设计及接口文档，积极推动所负责业务模块的性能优化及需求落地；
4.持续优化代码架构, 提升产品质量。"
23486-证券高级客户端工程师,CDG ," 深圳,中国 ", 技术 ,2021/9/30,"负责证券IOS/Android端业务需求开发及维护；
负责证券IOS/Android端性能优化方案制定，以及稳定性提升；
负责证券混合式框架优化，跟踪前沿技术和标准，持续性能优化，提升用户体验；"
40833-安全平台运营开发高级工程师,PCG ," 深圳,中国 ", 技术 ,2021/9/30,"1. 负责PCG业务安全平台OSS架构设计和后台开发工作；
2. 对接策略开发和运营人员，提炼平台需求，推动需求开发落地和上线，对平台质量负责；
3. 跟踪处理安全平台OSS全局问题和长线优化工作。"
22989-云存储图像处理算法工程师,CSIG ," 北京,中国 ", 技术 ,2021/9/30,"1.负责腾讯云对象存储产品图像处理相关功能的设计、研发及优化；
2.对算法进行持续优化,在保持高性能的前提下,降低复杂度,减少运营成本; 
3.深挖关键性技术,保持产品的核心竞争力。"
28481-腾讯医疗高级后台开发工程师(北京),CSIG ," 北京,中国 ", 技术 ,2021/9/30,"负责腾讯健康、腾讯医典、电子医保凭证、电子健康卡等腾讯医疗在线服务的业务开发工作；
负责业务的整体架构、基础设施的规划与开发工作，设计与构建腾讯医疗的业务中台。"
25927-高级数据采集工程师,IEG ," 上海,中国 ", 技术 ,2021/9/30,"负责相关网站、论坛、App的分布式爬虫和数据采集系统的架构设计和开发;
负责大规模文本、图像、视频数据的抓取，提升时效性和完成性;
负责制定反爬虫安全策略，代理IP、验证码识别等支撑服务建设，以及策略持续优化;"
15575-《王者荣耀》共创游戏平台高级引擎开发工程师（成都）,IEG ," 成都,中国 ", 技术 ,2021/9/30,"负责游戏客户端引擎技术研发与维护；
产品需求的技术可行性评估, 程序框架及技术方案的设计和具体实现；
和内部团队, 外部厂商合作, 建立引擎性能特征评估体系；
根据游戏特性对游戏引擎进行定制化开发和性能调优, 指导相关同事正确高效地使用引擎相关功能；"
15575-《王者荣耀》共创游戏平台引擎工具高级开发工程师（成都）,IEG ," 成都,中国 ", 技术 ,2021/9/30,"负责内容管线的建设，打通引擎与其他内容制作工具的衔接；
与负责玩法/英雄/皮肤/TA的同事合作，站在整个生产管线高度的定义工作流；
负责内容制作管线和核心模块相关工具的技术选型、架构设计和功能开发；
持续关注行业动态，与开发团队一同评估和实现提升开发效率和质量的新技术/工具/流程；"
15575-《王者荣耀》共创游戏平台服务器高级开发工程师（游戏服务器方向）,IEG ," 成都,中国 ", 技术 ,2021/9/30,"负责王者开创平台游戏服务器端的架构设计和优化；
负责王者开创平台游戏服务器端的系统逻辑开发；
负责游戏服务器端通用组件/服务的开发；"
15575-《王者荣耀》共创平台引擎高级开发工程师（成都）,IEG ," 成都,中国 ", 技术 ,2021/9/30,"负责美术场景，英雄皮肤美术规范的制定和制作工具能力的建设；
负责美术场景，英雄皮肤等的美术品质的提升；
负责渲染流程以及算法的优化，保障产品的渲染性能；
负责商业引擎的开发与扩展（动画，物理，光照，资源管理等）；
紧跟业界技术发展，预研前沿方案，将新技术应用落地到产品中并且产生实际价值；"
15575-《王者荣耀》资深数据算法/数据科学工程师（成都/深圳）,IEG ," 深圳,中国 ", 技术 ,2021/9/30,"利用机器/深度学习等技术，改进王者游戏峡谷战场/英雄/皮肤/赛事等的用户体验；
分析基础数据包括但不限于文本/图形/视频数据，挖掘用户兴趣、 分析用户商业意图，挖掘流量潜在商业价值，提升流量变现；
参与商业化实验评估系统的迭代，探究科学的实验评估方法，探索准实验/观测性数据中推断因果关系的方法和落地场景，提高实验评估效率；
推动项目组因果推断/AB实验氛围，积累商业化因果推断/实验评估知识；"
15575-王者荣耀推荐系统高级后台工程师 （成都/深圳）,IEG ," 深圳,中国 ", 技术 ,2021/9/30,"负责实时推荐系统/存储系统 设计、开发、重构等工作；
负责推荐系统周边相关的组件设计与开发；
负责推荐业务支持、分布式大数据系统开发、计算性能调优、高性能服务框架设计与开发；
参与项目的架构设计、评审、技术攻坚及优化；
参与系统文档的撰写、维护；"
15575-王者荣耀高级AI算法工程师（成都/深圳）,IEG ," 深圳,中国 ", 技术 ,2021/9/30,"1：负责王者荣耀游戏内匹配、审判算法、NLP，图像，推荐，以及传统机器学习的数据算法研究； 
2：负责王者荣耀游戏中的特征工程，数据挖掘工作； 
3：负责王者荣耀游戏中的系统策略算法制定，数据监控和效果验收
4：负责王者荣耀游戏中的一部分算法和策略测试工作"
15575-王者荣耀高级AI算法工程师―NLP方向（成都/深圳）,IEG ," 深圳,中国 ", 技术 ,2021/9/30,"1. 调用优化自然语言和机器学习算法、模型，优化分词、纠错、文本挖掘以及各类NLP算法；
2、对接推进王者荣耀项目内外部文本内容、分析平台，支持文本算法优化，协助游戏业务决策场景中的应用落地，包括但不限于：智能交互、对局内文本理解、口碑深度分析等，辅助智能决策；
3. 关注业界动态，将最新的成果和工具应用于NLP算法的改进，构建团队基础研究能力。"
15575-《王者荣耀》游戏AI强化学习研究员（深圳）,IEG ," 深圳,中国 ", 技术 ,2021/9/30,"负责游戏AI算法应用场景落地，包括但不限于针对游戏平衡性提供算法和解决方案；
负责游戏AI机器人前沿算法的探索研究和开发，包括特征工程、模型训练、框架开发、效果优化等，完成项目交付；"
15575-《王者荣耀》游戏AI深度学习研究员（深圳）,IEG ," 深圳,中国 ", 技术 ,2021/9/30,"基于海量游戏数据和计算资源，结合业务需求，设计和优化游戏AI玩法、行为表现；
负责包括但不限于为深度学习的游戏平衡性提供算法和解决方案；
游戏AI算法开发，包括特征工程、模型训练、效果优化等，完成项目交付；
跟进探索研究前沿机器学习技术，并能够将落地到游戏项目中，不断迭代和优化项目效果；"
15575-《王者荣耀》高级后台开发工程师（成都）,IEG ," 成都,中国 ", 技术 ,2021/9/30,"负责游戏服务器端设计和开发工作；
负责服务器端逻辑功能的编写；
负责服务器端的架构设计与搭建与性能优化；
负责服务器相关工具的开发和维护。"
15575-《王者荣耀》资深客户端开发工程师（成都）,IEG ," 成都,中国 ", 技术 ,2021/9/30,"负责王者荣耀游戏业务系统内容开发；
完善游戏开发/制作管线，实现快速迭代及验证制作内容；
基于Unity3D的图形图像效果开发与性能优化；
负责游戏制作所需要的工具开发；"
15575-《王者荣耀》算法高级工程师（AI与引擎交叉方向）,IEG ," 成都,中国 ", 技术 ,2021/9/30,"1. 结合图形学和深度学习交叉领域的算法，并将其应用于游戏技术各子领域中
2. 结合图形学和深度学习各自的优势，在保证内容生成质量的同时，提升内容生成的效率
3. 负责计算机视觉/图形学领域核心技术在游戏AI等相关领域的算法研发与产品化等工作，包括但不限于如下方向：虚拟形象创建，2D/3D姿态估计与识别，面部表情动捕技术，视频动捕技术，3D人体动作合成/迁移、角色动作动画生成与渲染，纹理合成与可微渲染，常见游戏资源（模型/材质/贴图/动画/场景布局）的程序化生成等相关算法等等
4. 负责相关项目的数据集搭建、模型训练和调优，并能结合游戏引擎技术去做迭代、优化和落地"
15575-《王者荣耀》开悟平台高级服务器开发（成都）,IEG ," 成都,中国 ", 技术 ,2021/9/30,"负责游戏AI工程平台研发，包括后端系统架构设计与实现；
负责游戏AI海量数据计算，包括CPU/GPU运算集群，深度学习平台强化学习平台核心功能研发；
负责系统推理优化，提升模型训练速度；"
15575-《王者荣耀》大数据后台开发工程师（成都）,IEG ," 成都,中国 ", 技术 ,2021/9/30,"负责大数据实时传输、存储、实时计算、离线计算等底层基础支撑框架的开发、设计和运营；
负责机器学习算法模型特征计算、线上部署等；
负责高性能高可用基础框架和组件的开发、设计及优化；"
15575-《王者荣耀》赛事电视台后台开发（成都）,IEG ," 成都,中国 ", 技术 ,2021/9/30,"参与电竞直播后台架构设计和搭建工作；
负责电竞直播后台模块开发工作；
负责电竞直播台性能分析和调优工作；"
15575-《王者荣耀》游戏AI深度学习研究员（成都）,IEG ," 成都,中国 ", 技术 ,2021/9/30,"基于海量游戏数据和计算资源，结合业务需求，设计和优化游戏AI玩法、行为表现；
负责包括但不限于为深度学习的游戏平衡性提供算法和解决方案；
游戏AI算法开发，包括特征工程、模型训练、效果优化等，完成项目交付；
跟进探索研究前沿机器学习技术，并能够将落地到游戏项目中，不断迭代和优化项目效果；"
15569-QQ飞车手游-客户端高级开发工程师（深圳）,IEG ," 深圳,中国 ", 技术 ,2021/9/30,"负责游戏产品玩法需求的技术可行性评估, 技术方案的设计和实现；
协助引擎研发工程师建立高效的游戏内容制作管线，保障运行性能，完善并持续优化相关工具链；
与策划/美术/服务端程序紧密合作, 完善游戏产品, 打磨用户体验。"
15570-3A游戏IP手游高级服务器开发工程师（深圳）,IEG ," 深圳,中国 ", 技术 ,2021/9/30,"负责FPS手游服务器的架构设计；
负责FPS手游服务器的业务需求开发；
负责FPS手游服务器的性能优化；
负责FPS手游服务器的架构调优。"
15575-《王者荣耀》推荐系统高级后台工程师（成都）,IEG ," 成都,中国 ", 技术 ,2021/9/30,"负责实时推荐系统/存储系统 设计、开发、重构等工作；
负责推荐系统周边相关的组件设计与开发；
负责推荐业务支持、分布式大数据系统开发、计算性能调优、高性能服务框架设计与开发；
参与项目的架构设计、评审、技术攻坚及优化；
参与系统文档的撰写、维护；"
15575-《王者荣耀》推荐算法高级工程师（成都）,IEG ," 成都,中国 ", 技术 ,2021/9/30,"负责基于王者荣耀海量用户，个性化推荐在游戏领域的应用和研究，提高用户体验和推荐效果；
负责王者荣耀推荐的ctr、cvr的深入研究和优化，包括但不限于 特征选择、算法优化、ML pipeline优化等；
负责业界前沿算法的探索和落地。"
15575-《王者荣耀》高级客户端开发（gameplay方向）（成都）,IEG ," 成都,中国 ", 技术 ,2021/9/30,"负责王者荣耀moba核心战斗系统； 
在技术框架下，实现英雄技能新特性以及关卡玩法新机制； 
完善开发管线，实现快速迭代及验证制作内容； 
负责局内性能，crash等问题的定位，针对各平台存在的帧率，内存问题进行优化； "
15575-《王者荣耀》AI平台开发工程师（成都）,IEG ," 成都,中国 ", 技术 ,2021/9/30,"负责实时分布式强化学习平台设计、开发、重构等工作；
负责游戏AI海量数据计算，包括CPU/GPU运算集群，深度学习平台/强化学习平台核心功能研发；
负责系统推理优化，提升模型训练速度；"
WXG01-微信数据平台研发专家工程师（广州/深圳）,WXG ," 广州,中国 ", 技术 ,2021/9/30,"参与数据中台系统分析、架构设计、开发实现、性能优化、新技术预研、数据规范的制定，以及Saas应用转化;
参与数据采集、数据导入与预处理、数据仓库、数据建模、元数据设计、分布式存储、分布式处理等大数据基础平台的设计与实现，对外提供有高质量的数据服务；
参与推动技术共享共建、重用复用，收拢与管理数据，提供统一标准化数据给业务调用，降低研发成本、提高研发效率、有效缩短业务上线周期；
深入理解视频号和微信业务，抽象相关业务模型，构建高可复用的数据中台，实现业务快速迭代
结合业务对现有系统不足进行分析，找到技术瓶颈，参与重构优化、改进系统架构。"
WXG01-微信视频号投放算法专家（广州/深圳）,WXG ," 广州,中国 ", 技术 ,2021/9/30,"负责微信视频号和直播的微信内投放系统算法设计和落地；
应用前沿的深度学习技术，提升投放CTR模型预估精度；
从海量数据中，挖掘用户与内容的意图兴趣和向量表达，优化触发、定向、召回等各个阶段的效果。"
WXG01-微信视频号投放算法专家（深圳/广州）,WXG ," 深圳,中国 ", 技术 ,2021/9/30,"负责微信视频号和直播的微信内投放系统算法设计和落地；
应用前沿的深度学习技术，提升投放CTR模型预估精度；
从海量数据中，挖掘用户与内容的意图兴趣和向量表达，优化触发、定向、召回等各个阶段的效果。"
15575-《王者荣耀》赛事电视台Android客户端（成都）,IEG ," 成都,中国 ", 技术 ,2021/9/30,"参与移动游戏内嵌赛事电视台相关的功能需求讨论，开发流程和计划制定；
负责移动游戏内嵌赛事电视台相关的功能需求开发；
负责移动游戏内嵌赛事电视台创新功能与技术平台的开发与建设；"
41071-腾讯会议NLP算法工程师（广州）,CSIG ," 广州,中国 ", 技术 ,2021/9/30,"1、负责腾讯会议标签的挖掘工作，对标题、UGC内容进行特征挖掘，包括但不限于文本分类、关键词提取、实体挖掘等； 
2、跟踪业界最新研究成果，根据实际应用效果不断改进模型或算法，以及将前沿NLP技术/成果应用于业务相关场景中


1、良好的逻辑思维能力，较好自驱力；有敏锐的数据洞察力，较强的总结归纳能力优先； 
2、精通python/scala/java/c++至少一种开发语言；有较好的算法基础及工程实践优先；  
3、扎实的机器学习和自然语言处理基础；在NLP领域有相关的工作经验优先；
4、有较强的研究能力；顶级会议发表过高质量论文者优先
5、熟悉深度学习平台如tensorflow，pytorch，caffe等
通过腾讯云从业资格证或同等资格认证的优先录取"
15575-《王者荣耀》资深AI工程师-图像检测方向（成都）,IEG ," 成都,中国 ", 技术 ,2021/9/30,"利用机器/深度学习等技术，改进王者游戏/赛事等的用户体验； 
分析基础数据包括但不限于文本/图形/视频数据，挖掘用户兴趣、分析用户商业意图，挖掘流量潜在商业价值，提升流量变现；
研究计算机视觉和计算机图形学相关方向的算法和预研，辅助提效美术研发设计；"
27141-APEX手游资深UE4引擎工程师（深圳）,IEG ," 深圳,中国 ", 技术 ,2021/9/30,"1.定制UE4引擎，包含但不限于前沿的渲染、动画、物理或寻路方案；定制引擎底层功能模块；
2.优化IOS/Android上的游戏性能；
3.配合TA/LD共同制订3D美术/动画/关卡制作标准及工作流；
4.开发引擎配套工具。"
27141-APEX手游UE4客户端开发工程师（深圳）,IEG ," 深圳,中国 ", 技术 ,2021/9/30,"负责游戏客户端逻辑功能和核心模块的开发； 
负责对Unreal Engine进行性能优化和支持； 
负责美术、策划工具的开发。"
15575-《王者荣耀》资深数据挖掘工程师（成都）,IEG ," 成都,中国 ", 技术 ,2021/9/30,"利用机器/深度学习等技术，改进王者游戏/赛事等的用户体验； 
分析基础数据包括但不限于文本/图形/视频数据，挖掘用户兴趣、 分析用户商业意图，挖掘流量潜在商业价值，提升流量变现；
参与商业化实验评估系统的迭代，探究科学的实验评估方法，探索准实验/观测性数据中推断因果关系的方法和落地场景，提高实验评估效率；
推动项目组因果推断/AB实验氛围，积累商业化因果推断/实验评估知识；"
15575-《王者荣耀》高级引擎开发工程师-UE方向（成都）,IEG ," 成都,中国 ", 技术 ,2021/9/30,"负责游戏客户端引擎技术研发与维护；
产品需求的技术可行性评估, 程序框架及技术方案的设计和具体实现；
协助美术/策划建立高效的游戏内容制作规范和流程, 完善并持续优化工具链；
针对游戏特性对游戏引擎进行方案选型, 指导Gameplay程序员正确高效地使用引擎相关功能。"
15575-《王者荣耀》共创游戏平台客户端高级开发工程师（玩法内容制作）（成都）,IEG ," 成都,中国 ", 技术 ,2021/9/30,"负责玩法系统与相关组件的开发；
参与基础系统的开发，包括游戏逻辑/AI/动画/脚本/物理/网络等；
探索玩法和技能新的机制，抽象和封装更易于编辑的能力；
与其他部门合作，对玩法制作工具和工作流进行迭代；
负责玩法性能，crash等问题的定位，以及玩法性能规范的制定；"
15575-《王者荣耀》共创平台引擎工具开发工程师（性能方向）（成都）,IEG ," 成都,中国 ", 技术 ,2021/9/30,"负责性能规范的建立；
负责性能分析工具的开发，并将检测能力集成在开发工具中；
负责针对需求定制增改Unity引擎底层功能；
负责调研竞品和业内的游戏优化技术，包括系统侧的优化和游戏引擎方面；"
25927-游戏测试经理（成都）,IEG ," 成都,中国 ", 技术 ,2021/9/30,"负责王者荣耀全球版本的功能测试和现有专项的开发维护工作；
负责新的专项问题挖掘，方案设计并推动落地，帮助项目组提升项目质量；
结合项目发展推进测试体系的建设，并配合进行相关测试工具的开发、维护和完善；
持续探索行业相关测试技术和方法，提升专项解决方案的技术门槛；"
15575-《王者荣耀》共创游戏平台客户端开发工程师（内容制作）（成都）,IEG ," 成都,中国 ", 技术 ,2021/9/30,"负责王者荣耀内容制作系统开发；
与负责玩法/英雄/皮肤的同事合作，定义移动端制作管线；
完善制作工具的开发，实现快速迭代及验证制作内容；
负责内容制作所需要的工具开发；"
PCG17-iOS开发工程师（深圳）,PCG ," 深圳,中国 ", 技术 ,2021/9/30,"承担项目相关部分需求分析、架构设计；
承担移动终端产品(iOS）的特性开发与维护以及终端性能相关优化"
15575-王者荣耀CV/图形学高级研究员（AI+游戏引擎方向）（成都/深圳）,IEG ," 深圳,中国 ", 技术 ,2021/9/30,"1. 负责计算机视觉、图形学等相关核心技术在游戏相关领域的算法与产品化等研究工作，包括但不限于如下方向：风格迁移、目标检测/追踪，图像/动画生成，人脸表情生成、三维重建，渲染等；
2. 负责跟踪业界前沿技术进展，并且能够快速应用到业务中。"
CSIG16-地图数据算法策略工程师(情报方向),CSIG ," 北京,中国 ", 技术 ,2021/9/30,"负责地图数据质量挖掘和变化发现算法策略研发工作
1.负责腾讯地图情报数据建设；
2.负责基于地图道路数据的变化挖掘；
3.负责文本、轨迹相关性算法研发和优化；"
CSIG16-地图数据平台开发工程师(情报方向),CSIG ," 北京,中国 ", 技术 ,2021/9/30,"1 参与地图数据全业务子系统的系统建设、架构设计、功能开发和优化等工作
2 负责地图数据业务后台的系统架构设计和模块开发，为地图数据业务开发高性能、低延迟的数据存储、访问系统和数据流系统
3 负责地图道路数据和道路情报数据的挖掘体系和平台建设"
15581-UE4开发工程师,IEG ," 深圳,中国 ", 技术 ,2021/9/30,"两年以上UE4客户端开发经验，深入参与过开放世界或大型MMORPG项目客户端研发工作者优先；
理解UE4GamePlay框架、蓝图、动画、AI等模块的机制并熟练使用；
熟悉UE4多种编辑器模式的扩展方法，具备GamePlay相关编辑器设计研发经验者优先；
有出色的学习能力，具备良好的问题分析和解决能力；
责任心强，有较高的团队协作能力和游戏客户端团队研发管理经验，善于沟通，使命必达。"
17229-和平精英-游戏服务器开发工程师（深圳）,IEG ," 深圳,中国 ", 技术 ,2021/9/30," 负责游戏服务器端设计及开发，参与分布式后台系统开发、解决外网的各种bug；
 能与客户端策划同事高效沟通 合作设计；
 熟练和冷静的应对运营中的各种突发事件，严格按照运营流程处理各种事务。"
15585-UE引擎开发工程师（程序化内容生成方向）,IEG ," 深圳,中国 ", 技术 ,2021/9/30,"使用UE4引擎进行产品需求的技术可行性评估, 程序框架及技术方案的设计和具体实现；
建立高效的游戏程序化内容生成管线, 协同美术/策划完善并持续优化工具管线；
针对开放世界特性和技术美术紧密合作，结合游戏新特性，对游戏引擎进行优化改造。"
34471-电商推荐算法专家,PCG ," 上海,中国 ", 技术 ,2021/9/30,"负责创新业务的推荐系统的整体设计，包括系统架构和算法应用；
负责创新业务的推荐系统召回/排序/多样性等模块的关键技术落地，包括点击预估和结果排序等；
持续对系统的架构、算法进行改进和优化，提升海量数据的处理性能，提高算法迭代速度；
负责推荐团队的建设和管理。"
30628-腾讯广告召回策略算法工程师（北京）,CDG ," 上海,中国 ", 技术 ,2021/9/30,"1. 负责腾讯广告召回策略，重点包括：智能化的广告和商品召回。服务于竞价广告主自动化、精准化受众人群定向投放，提升广告主投放效率和体验；
2. 采用点击率/转化率预估、序列推荐、GNN 图神经网络等深度学习技术，结合大规模分布式训练和特征工程优化，持续提升召回模型精准度、泛化能力和训练效率；
3. 深入腾讯广告系统全链路，联动上下游模块开展数据分析和算法策略优化，提升广告召回效果；
4. 跟踪深度学习、计算广告、推荐系统等最新前沿研究成果，快速实现并落地应用于实际任务中，进而结合实际问题开展数据分析和迭代优化，提出创新性解决方案。"
23671-后台开发leader,PCG ," 北京,中国 ", 技术 ,2021/9/30,1、负责内容处理管线的设计，开发及维护。建立高效的人机配合系统，提升内容处理的灵活性和效率。2、负责安全生态相关的系统建设，与产品运营以及算法团队沟通，建立可以动态调节的安全生态系统。3、负责团队建设，不断提高团队的技术能力，培养核心骨干。
40836-高级数据工程师,PCG ," 北京,中国 ", 技术 ,2021/9/30,"1. 参与内容策略平台的数据仓库的设计与实现；
2. 为内容策略提供深入有效的大数据能力支持，支持算法、运营团队的各类数据需求；
3. 基于一致性、及时性、准确性、安全性的要求，不断提高数据仓库质量；
4. 支持线上内容策略引擎系统的数据服务开发与维护。"
40836-内容策略平台大数据leader,PCG ," 北京,中国 ", 技术 ,2021/9/30,"1. 负责内容策略平台的数据仓库的设计与实现；
2. 为内容策略提供深入有效的大数据能力支持，对接算法、运营团队的各类数据需求；
3. 基于一致性、及时性、准确性、安全性的要求，不断提高数据仓库质量；
4. 支持线上内容策略引擎系统的数据服务开发与维护；
5. 负责大数据团队建设与方向规划，打造行业领先的内容策略大数据团队。"
TEG11-UE4游戏客户端开发工程师,TEG ," 深圳,中国 ", 技术 ,2021/9/30,"1）负责游戏客户端核心功能模块的开发，优化效果呈现和性能；
2）与算法、后台、产品等团队协作，推进游戏产品的迭代；
3）研究与AI相结合的引擎开发技术，完成AI到游戏的工具管线开发；"
40930-高级大数据研发工程师,CSIG ," 北京,中国 ", 技术 ,2021/9/30,"负责数据仓库和应用集市的业务数据模型、画像标签体系建设；
负责针对智慧交通领域中不同场景的业务需求，进行数据分析和挖掘建模，利用数据分析技术解决业务问题；
构建智慧交通大数据分析体系，针对不同的数据类型，形成深入的数据分析方法及沉淀，支持智慧交通相关数据产品功能开发。"
TEG13-音频分类算法专家 （北京）,TEG ," 北京,中国 ", 技术 ,2021/9/30,"1. 研究对海量音频声学内容表示+分类的基础技术和应用；
2. 对腾讯各个产品业务场景中音频的声学场景，语种，说话人类别进行聚类和分类，提高系统在海量语音下对音频附属信息（meta-data）的内容表示，分析和数据挖掘性能，增强对各平台音频信息捕获和归类能力。
3. 在附属性上提高辨识以增强语音识别，语音唤醒，VAD等音频生成类服务的识别能力。"
18427-测试工程师（腾讯中金合资技术公司）（深圳）,CDG ," 深圳,中国 ", 技术 ,2021/9/30,"1、负责财富管理业务产品的日常版本测试工作，以后台测试为主； 
2、参与团队在测试质量效率提升方面的工作，如制作自动化测试用例、开发测试工具等。"
18427-资深架构师（腾讯中金合资技术公司）,CDG ," 深圳,中国 ", 技术 ,2021/9/30,负责证券和基金交易后台系统架构与开发，包括账户系统、订单交易系统、清算系统等业务系统。
WXG10-企业微信后台安全策略工程师,WXG ," 广州,中国 ", 技术 ,2021/9/30,"负责安全策略制定与打击；
负责安全数据挖掘、特征库、用户/企业画像建设；
通过机器学习等方法，找到异常行为/恶意帐号团伙；"
WXG07-154 广州研发部系统测试工程师（广州）,WXG ," 广州,中国 ", 技术 ,2021/9/30,"1.负责邮箱等产品的版本发布测试工作，包括需求分析、设计评审，技术风险评估、缺陷跟踪和质量分析等；
2.测试方法/工具开发创新、自动化测试体系建设、测试效率提升。"
WXG07-微信广研-微盘前端开发工程师,WXG ," 广州,中国 ", 技术 ,2021/9/30,为国内企业提供优质的网盘协同办公服务；打造效率协同工具的同时负责相关领域的技术难点攻关，技术框架的优化，产品性能深度优化等
WXG07-微信广研-微文档微盘后台开发工程师（广州）,WXG ," 广州,中国 ", 技术 ,2021/9/30,为国内企业提供优质的网盘，在线文档服务；打造效率协同工具的同时负责相关领域的技术难点攻关，产品性能深度优化等
WXG07-微信广研-QQ邮箱Android开发工程师（广州）,WXG ," 广州,中国 ", 技术 ,2021/9/30,"负责QQ邮箱 Android 平台研发工作；
参与团队基础组件的开发以及维护；
参与项目技术难关的攻坚，产品质量指标的优化，需求的迭代管理，项目代码优化等。"
WXG07-QQ邮箱后台开发工程师,WXG ," 广州,中国 ", 技术 ,2021/9/30,负责QQ邮箱账号、邮件反垃圾等业务安全类后台系统的开发和维护
28601-微信支付IoT后台开发工程师,WXG ," 深圳,中国 ", 技术 ,2021/9/30,"负责刷脸支付业务的架构方案设计、后台开发工作； 
负责基于刷脸支付的能力，推进智慧新支付、智慧行业等革命性创新发展，落地全行业完整解决方案，助力全行业数据增长。"
28600-微信支付营销应用开发工程师,WXG ," 深圳,中国 ", 技术 ,2021/9/30,"1、负责微信支付商户营销应用产品开发，丰富微信支付商户营销场景，涵盖支付前、支付中、支付后等营销能力的建设，涉及到资金安全，运营安全，事务，一致性等； 
2、负责前沿的技术研发工作，建立金融级的业务流和技术框架。"
24987-SLG手游后台开发工程师,IEG ," 上海,中国 ", 技术 ,2021/9/30,"负责游戏服务器端各类业务系统的设计与开发，服务器端框架维护与优化
与前端开发以及游戏设计人员密切协作高效产出，在可控时间内完成工作 
有较强的抗压能力，能快速处理线上服务器出现的紧急问题，并且按照既定流程操作"
24987-UE4手游引擎开发,IEG ," 上海,中国 ", 技术 ,2021/9/30,"负责UE4移动平台高效渲染效果特性开发，增强游戏表现力
负责UE4移动平台渲染效率的优化，开发工具提升游戏制作效率
负责前瞻性技术预研"
24987-UE4手游客户端开发,IEG ," 上海,中国 ", 技术 ,2021/9/30,"游戏需求的技术可行性评估
游戏程序框架及技术方案的设计和具体实现
与策划设计人员以及后台程序进行良好的沟通，对游戏逻辑的编码和调试"
24987-UE4游戏客户端主程,IEG ," 上海,中国 ", 技术 ,2021/9/30,"负责游戏客户端的技术方案、架构设计及核心模块的开发
负责游戏客户端团队搭建与管理
负责美术、策划的工具流与工具管线的开发
协同美术、策划等其他工作岗位，持续改进客户端性能与用户体验"
22989-腾讯云虚拟化高级研发工程师（深圳、上海、北京、成都）,CSIG ," 成都,中国 ", 技术 ,2021/9/30,"负责Linux内核，虚拟化，容器方面的研发工作； 
负责Linux内核、虚拟化定制化研发工作，提升产品竞争力。"
22989-专有云PaaS平台高级研发工程师(深圳/北京/上海),CSIG ," 深圳,中国 ", 技术 ,2021/9/30,腾讯云专有云产品中心底层基础技术团队，在云原生的技术风口为打造精细化调度与智能的专有云产品提供基础技术支撑能力，参与容器调度能力、平台运维能力、应用生命周期管理能力等方向的建设。
22989-专有云运维平台研发工程师(北京/上海/杭州/深圳),CSIG ," 深圳,中国 ", 技术 ,2021/9/30,腾讯云专有云产品中心平台研发技术团队，为腾讯云私有化输出建设高效率的运维能力，保证专有云产品稳定运行，建设完善的提前发现问题、定位问题、分析问题、解决问题的自动化系统，包括但不限于日志、监控、报警、发布、巡检、全链路跟踪、高可用切换等。
22989-专有云运维工程师（深圳/北京/上海/杭州）,CSIG ," 深圳,中国 ", 技术 ,2021/9/30,"1.负责专有云的运维保障，包括交付、监控、变更、应急响应、故障恢复； 
2. 负责云专有云站点建设、发布部署、监控巡检、变更管控等运维体系的建设，对效能提升有深刻的理解和实践； 
3. 为专有云产品的稳定、高效运行负责，支撑专有云整体业务快速发展； 
4. 具备研发能力，通过研发解决运维体系的稳定性、效率、成本管理等问题。
5.负责专有云各产品领域的可运维性的持续建设"
22989-专有云平台产品研发工程师(北京/上海/深圳/杭州),CSIG ," 深圳,中国 ", 技术 ,2021/9/30,腾讯云专有云产品中心平台研发技术团队，为腾讯云私有化输出打造精细化运维与运营产品，包括统一接入、鉴权、账号、消息中心等产品，以及专有云平台集成与被集成能力的建设。
22989-专有云高级运维架构师（深圳）（北京）,CSIG ," 北京,中国 ", 技术 ,2021/9/30,"1）负责专有云平台及相关云产品运维，解决平台及产品相关疑难技术问题、修复平台技术风险，确保云平台及云产品在各种客户场景中的稳定运行，保障云服务SLA;
2） 深入理解云平台及云产品的架构设计及技术原理，推动平台架构与云产品往更领先的方向优化与升级；
3）通过研发自动化、智能化、数据化的工具或系统平台提升运维团队的整体工作效率，避免低效重复劳动，降低运维成本；
4）负责云平台新建、升级、扩容、高可用等工作规划并保质保时完成，在降本增效等方面能够提出建设性意见，并能将想法落地。"
22989-专有云高级运维架构师（深圳）（上海）,CSIG ," 上海,中国 ", 技术 ,2021/9/30,"1）负责专有云平台及相关云产品运维，解决平台及产品相关疑难技术问题、修复平台技术风险，确保云平台及云产品在各种客户场景中的稳定运行，保障云服务SLA;
2） 深入理解云平台及云产品的架构设计及技术原理，推动平台架构与云产品往更领先的方向优化与升级；
3）通过研发自动化、智能化、数据化的工具或系统平台提升运维团队的整体工作效率，避免低效重复劳动，降低运维成本；
4）负责云平台新建、升级、扩容、高可用等工作规划并保质保时完成，在降本增效等方面能够提出建设性意见，并能将想法落地。"
22989-专有云高级运维架构师（深圳）（杭州）,CSIG ," 杭州,中国 ", 技术 ,2021/9/30,"1）负责专有云平台及相关云产品运维，解决平台及产品相关疑难技术问题、修复平台技术风险，确保云平台及云产品在各种客户场景中的稳定运行，保障云服务SLA;
2） 深入理解云平台及云产品的架构设计及技术原理，推动平台架构与云产品往更领先的方向优化与升级；
3）通过研发自动化、智能化、数据化的工具或系统平台提升运维团队的整体工作效率，避免低效重复劳动，降低运维成本；
4）负责云平台新建、升级、扩容、高可用等工作规划并保质保时完成，在降本增效等方面能够提出建设性意见，并能将想法落地。"
22989-专有云高级运维架构师（深圳）（成都）,CSIG ," 成都,中国 ", 技术 ,2021/9/30,"1）负责专有云平台及相关云产品运维，解决平台及产品相关疑难技术问题、修复平台技术风险，确保云平台及云产品在各种客户场景中的稳定运行，保障云服务SLA;
2） 深入理解云平台及云产品的架构设计及技术原理，推动平台架构与云产品往更领先的方向优化与升级；
3）通过研发自动化、智能化、数据化的工具或系统平台提升运维团队的整体工作效率，避免低效重复劳动，降低运维成本；
4）负责云平台新建、升级、扩容、高可用等工作规划并保质保时完成，在降本增效等方面能够提出建设性意见，并能将想法落地。"
22989-腾讯云GPU虚拟化研发工程师（上海、杭州、深圳、北京、成都）,CSIG ," 深圳,中国 ", 技术 ,2021/9/30,"- 开发并上线GPU/vGPU/FPGA等异构计算产品；
- 定位并解决计算(训练、推理)/渲染/编解码相关的问题；
- 优化异构产品性能，调研异构计算的新方向。"
25927-移动端开发工程师（上海）,IEG ," 上海,中国 ", 技术 ,2021/9/30,"负责先游平台移动端的架构设计和功能开发；
负责移动端产品的质量改进及性能优化；
负责移动端云游戏相关技术的研究与开发；
参与其它新技术的研究和技术难点的突破，满足项目需求；"
41074-腾讯云域名产品WEB前端工程师,CSIG ," 深圳,中国 ", 技术 ,2021/9/30,"1、负责腾讯云域名产品线（DNSPod）的系统架构设计和研发
2、负责工具、框架建设，追求更高研发效率；  "
41074-计费产品Web前端高级工程师,CSIG ," 深圳,中国 ", 技术 ,2021/9/30,"负责腾讯云计费平台前端架构与业务开发； 
负责工具、框架建设、性能优化，追求敏捷研发效率；  
负责项目技术难题攻关和新技术预研；"
41072-腾讯云监控后台开发工程师（深圳/上海）,CSIG ," 深圳,中国 ", 技术 ,2021/9/30,"1.、负责腾讯云监控产品中后台架构开发、优化；
2.、大数据流处理相关开发、智能算法实现。
3、数字化运营，用户体验后台优化。"
41072-网络加速后台开发高级工程师,CSIG ," 深圳,中国 ", 技术 ,2021/9/30,"负责四层加速产品的架构设计以及性能优化； 
负责参与相关产品需求讨论，网络加速核心技术的研究与实现； 
负责版本迭代开发工作； 
负责系统设计开发以及运营支撑系统开发工作。"
41074-域名产品PHP后端研发工程师,CSIG ," 深圳,中国 ", 技术 ,2021/9/30,"1. 负责腾讯云域名产品（DNSPod）及备案系统的后端开发； 
2. 负责域名管理相关功能的实现，包括域名注册、解析等功能开发； 
3. 负责域名管理系统的架构规划、性能优化等工作； 
4. 负责备案系统的功能开发。"
41074-DNS后端高级研发工程师,CSIG ," 深圳,中国 ", 技术 ,2021/9/30,"1. 负责腾讯云/DNSPod 权威 DNS 相关系统的设计、研发、优化及维护；
2. 负责腾讯云/DNSPod 公共 DNS 相关系统的设计、研发及优化；
3. 负责腾讯云/DNSPod HttpDNS 相关系统的设计、研发及优化；"
15579-技术负责人（总监级/UE4项目）,IEG ," 深圳,中国 ", 技术 ,2021/9/30,"1. 高度理解公司及团队整体发展战略，负责工作室新项目的技术方案的制定和落地，推动重要战略布局的落地，构建决策层、内部团队与合作伙伴之间的良好桥梁关系，协同制定项目版本规划，把控团队及项目的开发进度；
2. 全面负责技术方向研究和规划，组织制定和实施重大技术决策和方案；带领技术团队定位、分析并解决项目过程中遇到的技术难题，包括开发游戏工具和插件、游戏逻辑功能、新技术融合等技术咨询和协同攻坚； 
3. 负责整个技术团队建设及管理，监督指导技术研发工作，推动技术开发标准和流程的制定优化，有计划的扩充和培养高效的技术研发团队，并且助力团队人才培养；
4. 定期对业务进行经营分析和诊断，消除制约项目/产品实施的技术瓶颈，组织对重大技术问题进行研发攻关，识别关键问题并提出改进举措。 "
WXG08-113 微信后台开发工程师（服务搜索开放平台）（广州/深圳）,WXG ," 广州,中国 ", 技术 ,2021/9/30,负责微信服务搜索后台搜索召回系统的搭建，包括服务搜索召回，质量监测，服务开放等服务搜索生态的搭建。
WXG08-微信搜索后台开发工程师（北京）,WXG ," 北京,中国 ", 技术 ,2021/9/30,"负责微信搜索相关搜索业务系统的研发工作，包括功能开发和系统优化等。服务微信数亿用户，提供良好搜索体验；
负责微信搜索相关基础平台和组件的研发工作。处理海量数据，构建搜索相关的数据平台。"
CSIG14-软件安全工程师,CSIG ," 上海,中国 ", 技术 ,2021/9/30,"提高大数据平台的安全性，通过静态分析、动态分析、模糊测试、符号执行等方法验证软件的安全性和挖掘漏洞；
追踪软件和系统安全的前沿方向，研发新技术，例如将AI用于软件安全。"
20354-高级安全攻防工程师（深圳）,CSIG ," 深圳,中国 ", 技术 ,2021/9/30,"1、负责研究、跟进云原生安全方向的攻防对抗技术（容器，k8s，微服务等）；
2、负责对云上业务开展渗透测试、安全评审、红蓝对抗等，保障业务系统纵深体系安全性；
3、负责推动腾讯云产品漏洞挖掘和风险收敛工作；"
20354-高级安全攻防工程师（北京）,CSIG ," 北京,中国 ", 技术 ,2021/9/30,"1、负责研究、跟进云原生安全方向的攻防对抗技术（容器，k8s，微服务等）；
2、负责对云上业务开展渗透测试、安全评审、红蓝对抗等，保障业务系统纵深体系安全性；
3、负责推动腾讯云产品漏洞挖掘和风险收敛工作；"
43458-天美电竞中心高级IOS开发工程师（深圳）,IEG ," 深圳,中国 ", 技术 ,2021/9/29,"负责天美电竞中心电竞业务移动端 IOS研发；
参与 IOS端性能、体验优化及质量监控评估体系建设；
参与IOS端基础组件及架构设计，推进研发效率；
参与IOS端新技术的探索及实践；"
43458-天美电竞中心高级WEB前端开发工程师(深圳）,IEG ," 深圳,中国 ", 技术 ,2021/9/29,"负责天美电竞中心电竞业务WEB前端研发；
参与WEB端性能、体验优化及质量监控评估体系建设；
参与WEB端基础组件及架构设计，推进研发效率；
参与WEB端新技术的探索及实践；"
43458-天美电竞中心高级安卓开发工程师（深圳）,IEG ," 深圳,中国 ", 技术 ,2021/9/29,"负责天美电竞中心电竞业务移动端 Android 研发；
参与 Android 端性能、体验优化及质量监控评估体系建设；
参与Android 端基础组件及架构设计，推进研发效率；
参与Android 端新技术的探索及实践；"
43458-天美电竞中心高级后台开发工程师（深圳）,IEG ," 深圳,中国 ", 技术 ,2021/9/29,"负责天美电竞中心电竞业务基础服务框架开发，后台技术组件建设；
Linux下后台服务设计和开发，兼顾高性能、高可靠、低成本；
跟进业界技术，参与系统架构的设计优化，持续打造业界技术标杆。"
15581-UE4高级开发工程师,IEG ," 深圳,中国 ", 技术 ,2021/9/29,"四年以上UE4客户端开发经验，主导大型游戏项目，其中MMORPG项目和开放大世界客户端研发工作者优先；
深入理解UE4GamePlay框架、蓝图、图形渲染、网络、物理、动画、AI等各个模块的实现机制；
熟悉UE4多种编辑器模式的扩展方法，具备丰富的GamePlay相关编辑器设计研发经验；
有出色的学习能力，具备良好的问题分析和解决能力；
责任心强，有较高的团队协作能力和游戏客户端团队研发管理经验，善于沟通，使命必达"
36812-腾讯新闻后台开发leader,PCG ," 北京,中国 ", 技术 ,2021/9/29,负责热点平台团队管理工作，带领团队完成新闻热点供给工业化pipeline建设，优化新闻热点的供给效率。
25814-数据科学总监(腾讯新闻),PCG ," 北京,中国 ", 技术 ,2021/9/29,"1. 主导数据产品的开发，包含数仓的建立、数据的挖掘、清洗以及建立智能决策引擎； 
2. 研究、建立业务指标体系，做数据分析来产生洞察从而支持人为决策制定包含产品战略、市场运营战略、广告策略、内容分发策略来优化用户生命周期管理从而最大化用户对企业的价值，从用户增长和生态培育等角度优化腾讯新闻平台； 建立机器学习模型来分析运营活动、return on content (ROC)、用户生命周期，lifetime value (LTV) 等来产生相关洞察来支持生态建设、提升运营ROI和用户LTV； 利用对业务的理解，通过数据挖掘和科学决策等手段来支持生态的建设； 
3. 与业务协作负责各类实验，确保实验的科学性与高效率；负责复杂实验的设计和执行，通过实验分析给业务决策提供推荐方案；应用实验平台并优化实验闭环的周期。 
4. 探索内容生产分发全链路的供需引擎并支持内容运营策略。 
5. 通过体系化的因果推断解释日常业务核心指标的波动变化，及时发现问题并寻找机会点。 
6. 推动数据治理，倡导和共建数支持、据驱动业务发展的文化 
7. 建立完善的业务指标监控体系及支持业务决策的核心报表"
25814-腾讯新闻前端开发,PCG ," 北京,中国 ", 技术 ,2021/9/29,"建设腾讯新闻数据运营系统平台，提升腾讯新闻数据运营质量和效率；
负责腾讯新闻数据运营系统WEB前端架构及开发工作，对代码研发质量负责；"
35598-信息流推荐后台开发工程师,PCG ," 北京,中国 ", 技术 ,2021/9/29,"负责QQ浏览器feed流推荐架构设计、重构以及性能优化工作；
参与推荐中台建设以及在业务实践落地；"
49403-数据分析师（分析评估方向）（深圳）,CSIG ," 深圳,中国 ", 技术 ,2021/9/29,"我们是一群乐观、有趣、充满激情和动力的小伙伴，我们致力于建设面向腾讯医疗线的产品质量和用户体验的评估体系。我们从用户的视角体验腾讯医疗线的产品，用科学的方法建立数据指标体系，结合大数据、用户调研、抽样测试等技术，持续输出高业务价值的数据分析和洞察。

1、深刻理解业务，通过业务评估结果，提出业务优化方向，推动业务发展迭代
2、制定业务评估体系，包括方法论、流程框架等
3、科学制定可衡量业务质量的指标评估体系，建设数据指标监控报表，输出专业分析报告等
4、独立完成业务质量的测试和调研，包括测试和调研方案设计、执行、数据分析、报告撰写等"
28481-数据平台工程师（医疗数据联合平台）,CSIG ," 深圳,中国 ", 技术 ,2021/9/29,"1、充分理解业务，主动分析需求，搭建高效、稳定的数据仓库和报表体系；
2、参与制定数据平台的平台规划、开发规范及技术预研等；
3、搭建数据应用系统的开发框架，完成后台服务的编码、开发、测试等工作；
4、根据业务侧的需求完成系统的开发和迭代；
5、能够主动发现、承担、优化数据中台现有的问题，并从系统，流程，工具上提升团队的开发效率，带头技术攻坚。"
40164-FFW-UE5开放世界大作-引擎工程师(广州),IEG ," 广州,中国 ", 技术 ,2021/9/29,"负责游戏品类、游戏产品引擎需求的技术可行性评估，技术方案的设计和实现； 
建立高效的游戏内容制作管线，根据目标机型制定合理的技术规范，完善并持续优化相关工具链； 
推动引擎特性和工具的应用，帮助Gameplay程序员、美术、策划规范有效地使用引擎相关功能，并收集反馈； 
跟进业界技术发展，预研前沿方案，在项目落地并产生实际价值。"
40164-FFW-UE5开放世界大作-客户端开发工程师(广州),IEG ," 广州,中国 ", 技术 ,2021/9/29,"负责开放世界网络游戏玩法内容的研发； 
产品需求的技术可行性评估, 程序框架及技术方案的设计和具体实现； 
协助美术/策划建立高效的游戏内容制作流程, 完善并持续优化工具链。"
40164-FFW-UE5开放世界大作-客户端主程(广州),IEG ," 广州,中国 ", 技术 ,2021/9/29,"带领游戏客户端开发团队，制定团队目标， 分配、指导、验收团队成员的工作；
主导游戏产品玩法需求的技术可行性评估，技术方案的设计和实现；
建立和引擎、策划、美术、服务端团队之间良好的合作关系，完善游戏产品，打磨用户体验。"
38661-OVBU数据科学专场-数据挖掘高级工程师,PCG ," 深圳,中国 ", 技术 ,2021/9/29,"参与在线视频视频BU平台治理工作，利用技术手段挖掘负向场景，包括但不限于：
1.利用机器学习识别平台低质流量（如引流，刷量，薅羊毛、搬运等），并制定有效策略进行拦截
2.利用机器学习识别平台低质、虚假的账号/设备，构建账号/设备风险库，并推动数据在多个业务场景落地，取得业务收益
3.联动产品和运营，分析业务数据，提供可靠的大数据分析建模方案，提升产品体验和业务指标"
38661-OVBU数据科学专场-腾讯视频数据科学（用户画像/北京）,PCG ," 北京,中国 ", 技术 ,2021/9/29,构建OVBU用户画像标签体系，通过数据分析，机器学习等技术提升画像的精确度和覆盖度。联动推荐、产品、运营等为业务提供可靠的大数据分析建模方案，提升产品体验和业务指标。
38661-OVBU数据科学专场-腾讯视频产品数据科学（深圳/北京）,PCG ," 深圳,中国 ", 技术 ,2021/9/29,"与产品业务团队合作，通过数据科学方法，支持和驱动产品策略规划、上线、和决策，为用户和业务创造价值。

团队工作内容包括：
1. 指标研发：建设产品指标库和相关应用，分析指标相关性，拆解KPI，定义和开发不同场景的核心指标
2. 看板搭建：建设看板，提供自动化、可视化的洞察，对核心指标进行监控、异动归因、和预测
3. 深入分析：结合业务目标和需求，使用多种分析方法和工具，为业务提供洞察和助力，例如量化机会 （Opportunity Sizing），漏斗分析，路径分析，用户痛点分析，用户分群分析等
4. 实验：通过实验（AB测试，Interleaving，MAB等）方法对不同产品策略进行评估，并进行深入的归因分析，对实验迭代提出方向性建议
5. 建模：通过回归、预测、优化等建模方法，挖掘用户行为规律，优化产品形态和用户体验
6. 方法论沉淀和创新，以及工具建设：对实验、分析、建模方法论进行沉淀和创新，与中台团队共建数据科学方法论，落地到平台工具。"
38661-OVBU数据科学专场-腾讯视频数据科学（用户画像/深圳）,PCG ," 深圳,中国 ", 技术 ,2021/9/29,构建OVBU用户画像标签体系，通过数据分析，机器学习等技术提升画像的精确度和覆盖度。联动推荐、产品、运营等为业务提供可靠的大数据分析建模方案，提升产品体验和业务指标。
38661-OVBU数据科学专场-腾讯视频商业化运营数据科学（北京/深圳）,PCG ," 北京,中国 ", 技术 ,2021/9/29,"1. 研究、建立业务指标体系，主导数据生产全流程的数据治理工作，通过数据分析来产生洞察，输出能够切实落地业务的有效action，从而支持人为决策制定，主动驱动腾讯视频的全方位增长
2. 基于业务指标体系搭建敏捷和有效的A/B Testing Pipeline，熟练掌握：实验设计，假设检验，实验方差缩减等数据科学方法，或通过 observational studies实现对业务效果的离线评估
3. 主导数据产品的开发，包含数据的挖掘、清洗以及建立智能决策引擎
4. 建立机器学习模型来分析运营活动、广告活动、return on content (ROC)，以及用户获取、激活、存留的 LTV， 利用对业务、视频、内容领域的理解，通过数剧挖掘、特征工程建设、研究采用不同的算法来提升腾讯视频整体ToB及ToC运营及商业化策略效果
5. 将复杂的跨域业务策略抽象为数学优化问题，利用数据科学的方法求解最优方案，向业务方输出：内容运营位资源排播、电商选品最优集、影视自动化选角最优方案等全局解决方案，直接实现ROI最大化的目标"
38661-OVBU数据科学专场-在线视频综合数据科学,PCG ," 北京,中国 ", 技术 ,2021/9/29,"1.基于北极星指标构建和完善腾讯视频指标监控体系，通过数据分析来产生洞察，输出能够切实落地业务的有效action，从而支持人为决策制定，主动驱动腾讯视频的全方位增长。
2.主导数据产品的开发，包含数据的挖掘、清洗以及建立智能决策引擎
3.基于业务指标体系搭建指标监控及预警机制，及时发现业务问题。利用时序方法对业务发展趋势进行预测。
4.建立机器学习模型来分析运营活动、用户偏好，以及用户获取、激活、存留的 LTV， 利用对业务、视频、内容领域的理解，通过数剧挖掘、特征工程建设、研究采用不同的算法来提升腾讯视频整体ToB及ToC运营及商业化策略效果
5.将复杂的跨域业务策略抽象为数学优化问题，利用数据科学的方法求解最优方案，向业务方输出：内容运营位资源排播、电商选品最优集、影视自动化选角最优方案等全局解决方案，直接实现ROI最大化的目标。"
38661-OVBU数据科学专场-在线视频大数据高级开发工程师（深圳）,PCG ," 深圳,中国 ", 技术 ,2021/9/29,"负责腾讯在线视频相关大数据开发工作，不限于大数据平台开发、数仓建设、数据治理、数据统计分析等开发方向； 
负责相关业务的数据应用梳理、数据工具建设以及流程优化，完善数据应用系统的建设，为产品迭代提供数据化分析的方法论以及数据平台化能力支撑； "
38661-OVBU数据科学专场-在线视频大数据高级开发工程师（北京）,PCG ," 北京,中国 ", 技术 ,2021/9/29,"负责腾讯在线视频相关大数据开发工作，不限于大数据平台开发、数仓建设、数据治理、数据统计分析等开发方向； 
负责相关业务的数据应用梳理、数据工具建设以及流程优化，完善数据应用系统的建设，为产品迭代提供数据化分析的方法论以及数据平台化能力支撑； "
15581-UE4高级开发工程师,IEG ," 广州,中国 ", 技术 ,2021/9/29,"四年以上UE4客户端开发经验，主导大型游戏项目，其中MMORPG项目和开放大世界客户端研发工作者优先；
深入理解UE4GamePlay框架、蓝图、图形渲染、网络、物理、动画、AI等各个模块的实现机制；
熟悉UE4多种编辑器模式的扩展方法，具备丰富的GamePlay相关编辑器设计研发经验；
有出色的学习能力，具备良好的问题分析和解决能力；
责任心强，有较高的团队协作能力和游戏客户端团队研发管理经验，善于沟通，使命必达"
35948-数据安全运营开发工程师,CSIG ," 深圳,中国 ", 技术 ,2021/9/29,"1、负责数据安全系列产品的应用及运营研发，负责对接后端接口编写；；
2、参与技术攻关和代码编写，实现产品快速更新迭代；
3、与一线商业团队，外部合作伙伴等安全架构师合作，研发产品并融合到在行业解决方案中；"
35601-推荐后台开发工程师（深圳）,PCG ," 深圳,中国 ", 技术 ,2021/9/29,"1. 负责腾讯看点信息流业务的后台系统开发、维护和运营工作
2. 负责海量用户场景下的后台系统的持续优化迭代工作, 保证系统的高并发高性能, 提升可用性及稳定性"
35597-腾讯看点前端开发工程师,PCG ," 深圳,中国 ", 技术 ,2021/9/29,"1、负责腾讯看点平台，前端功能开发
2、负责信息流中心接入层开发，以及部分服务开发
3、参与基础能力建设和工具链建设
4、负责运营活动相关前后端开发"
40931-虚拟仿真系统-C++工程师,CSIG ," 北京,中国 ", 技术 ,2021/9/29,"1. 负责仿真系统的后端引擎调度功能开发；
2. 负责仿真系统的后端引擎通信、配置等相关系统设计与开发；
3. 负责仿真系统运行效率优化；"
40931-UE4客户端开发工程师,CSIG ," 北京,中国 ", 技术 ,2021/9/29,"1. 负责仿真系统虚幻引擎客户端逻辑功能和模块的开发；
2. 负责对Unreal Engine进行性能优化和支持；
3. 负责与美术人员的沟通协作。"
40931-车路协同应用后台开发,CSIG ," 北京,中国 ", 技术 ,2021/9/29,"1、参与腾讯车路协同产品开发；
2、结合5G和边缘计算场景，将车路协同落地，提升产品竞争力；
3、参与项目的技术攻坚和优化；"
40931-WebGL前端开发工程师,CSIG ," 北京,中国 ", 技术 ,2021/9/29,"负责仿真模拟系统三维渲染相关的前端开发；
负责仿真模拟系统三维渲染相关的系统维护；
运用web前端技术进行技术开发；"
18425-外汇系统运营开发工程师,CDG ," 深圳,中国 ", 技术 ,2021/9/29,"1. 负责外汇业务的账务系统以及核算体系的开发与维护工作。
2. 负责商户入驻系统的开发与维护工作。
3. 负责全球多主体清算中心的开发和维护工作。"
45354-算法工程专家/组长,PCG ," 北京,中国 ", 技术 ,2021/9/29,"1. 算法自动化能力建设：模型自动生成平台（涉及auto modelling、noisy data processing，distributed serving等）；
2. 面向具体业务的平台和服务建设：视频特征引擎，优质视频内容挖掘系统，视频特征聚类系统；
3. 与算法研发和上下游业务方同事沟通，推动算法能力在可自动运维性、可用性和性能上持续改善和优化；
4. 团队建设和人员管理；前沿技术跟进；"
PCG04-代码智能化工程师（杭州/上海/北京/深圳）,PCG ," 杭州,中国 ", 技术 ,2021/9/29,"1、参与打造下一代智能化的云端工程服务产品，包括但不限于Cloud IDE、智能研发助手、智能研发服务平台；
2、参与代码领域基础服务能力和体系建设，包括但不限于代码图谱数据体系建设、代码重构、代码生成、AST解析和分析能力建设等；
3、参与代码领域智能化能力探索和体系建设，包括但不限于智能代码补全、智能代码推荐、智能代码分析、智能CodeReview、代码数据挖掘等；"
PCG04-资深IDE研发工程师（杭州/上海/北京/深圳）,PCG ," 杭州,中国 ", 技术 ,2021/9/29,"参与打造下一代的云端 IDE 框架与产品：
1、参与包括资源管理器、代码编辑器、源代码管理、终端、语言及调试工具等功能在内的 IDE 基础框架的设计与研发；
2、参与 IDE 插件以及支撑插件研发的相关配套设施的设计与研发，同时有机会参与下一代端云一体化插件体系的建设；
3、深入理解各类研发场景，并针对不同场景与技术栈输出差异化的集成方案；"
PCG04-云原生容器工程师（杭州/上海/北京/深圳）,PCG ," 杭州,中国 ", 技术 ,2021/9/29,"1、参与基于云原生的云端研发容器以及相关调度、管控、运维平台的设计与研发；
2、参与工程效能平台相关产品的架构和开发，推动业务和技术的融合发展；
3、参与包括网络、计算、存储等云原生基础设施的改进和优化；"
30628-腾讯广告后台开发高级工程师（北京）,CDG ," 北京,中国 ", 技术 ,2021/9/29," 负责广告转化归因服务的架构设计和开发，支持高并发，高可用，低延迟；
负责客户转化数据的接入，联动模型、调价、报表等环节来优化广告投放，提升客户效果；
负责高可用的任务调度系统开发，支持各种离线任务的分发和调度；"
40931-仿真云平台-c++工程师,CSIG ," 北京,中国 ", 技术 ,2021/9/29,"1. 参与仿真云平台的架构设计与研发工作,  开发与维护云仿真平台的核心架构和功能
2. 持续提升系统在大规模分布式环境下的稳定性,安全性和性能
3. 负责不断迭代并优化系统架构"
31504-高级计算IAAS运营规划工程师（深圳）,CSIG ," 深圳,中国 ", 技术 ,2021/9/29,"负责云计算IAAS产品资源运营管理，精细化控制计算资源生命周期管理、支持资源晕欢迎数据统计分析、优化资源相关系统架构，提升供应调度自动化能力和效率、提升计算资源利用率。
负责IAAS计算产品服务器的IDC基础运营环境管理，对接数据中心运维日常变更及故障管理等工作，及时评估和处理运营风险。
负责对接IAAS计算产品相关安全合规审计(可信云、等保、ISO27001等)工作，深度了解合规标准要求，结合安全合规标准，不断精炼总结并推动运维系统架构优化提升。"
31504-高级计算IAAS运营规划工程师（广州）,CSIG ," 广州,中国 ", 技术 ,2021/9/29,"负责云计算IAAS产品资源运营管理，精细化控制计算资源生命周期管理、支持资源晕欢迎数据统计分析、优化资源相关系统架构，提升供应调度自动化能力和效率、提升计算资源利用率。
负责IAAS计算产品服务器的IDC基础运营环境管理，对接数据中心运维日常变更及故障管理等工作，及时评估和处理运营风险。
负责对接IAAS计算产品相关安全合规审计(可信云、等保、ISO27001等)工作，深度了解合规标准要求，结合安全合规标准，不断精炼总结并推动运维系统架构优化提升。"
40931-车路协同后台开发专家工程师（北京/深圳）,CSIG ," 北京,中国 ", 技术 ,2021/9/29,"1、设计和主导腾讯车路协同产品开发；
2、结合5G和边缘计算场景，将车路协同落地，提升产品竞争力；
3、参与项目的技术攻坚和优化；"
41069-金融云技术研发组组长,CSIG ," 深圳,中国 ", 技术 ,2021/9/29,"1.负责腾讯云金融云行业项目的研发架构设计及研发工作，构建丰富的金融ToB行业产品矩阵，打造金融行业解决方案；
2.承担金融行业产品的研发，项目POC与交付相关工作，打造团队ToB行业研发交付全链条的工程能力；
3.负责团队成员目标建立，能力培养，技术成长，最终提升整体团队人效。"
18435-风控策略工程师,CDG ," 深圳,中国 ", 技术 ,2021/9/29,"通过挖掘海量交易数据，分析用户交易风险要素，制定与部署在线风控策略与模型，保障用户资金安全的同时净化平台交易；
分析风险案件，总结作案模式，针对性设计风险变量，并通过规则与模型进行对抗；
完善策略运营体系，关注风险大盘与策略打击趋势，及时识别和预警风险，完善变量、策略生命周期管理；
与模型、产品、技术等相关团队分工协作，共同对抗业务风险，不断完善风控打击体系。"
33370-自动驾驶云数据平台开发工程师,CSIG ," 深圳,中国 ", 技术 ,2021/9/29,"1、负责自动驾驶云计费平台关的架构设计、需求分析、代码开发等
2、负责自动驾驶云运营统计分析平台相关的架构设计、需求分析、代码开发等
3、现有其他系统模块的架构优化、重构，日常运营、维护跟进
4、对高效研发流程，CICD工具使用有比较好的理解，能积极推动团队研发流程的优化，研发质量的提升"
38663-安全基础工程高级工程师,PCG ," 深圳,中国 ", 技术 ,2021/9/29,"QQ安全平台服务架构设计与核心代码编写；
QQ安全平台运营优化工作；
QQ安全风控平台基础建设，策略组件开发，实时响应线上问题"
22989-块存储高级存储引擎研发工程师（深圳/成都/北京）,CSIG ," 深圳,中国 ", 技术 ,2021/9/29,"1. 负责腾讯云块存储存储引擎层架构设计与开发
2. 负责云存储前沿技术的研究与应用；
3. 负责块存储系统的稳定性、数据可靠性及性能的持续提升；"
49228-腾讯广告游戏行业服务开发工程师（北京）,CDG ," 北京,中国 ", 技术 ,2021/9/29,基于内外部数据，运用统计学、机器学习、计算广告等多个领域知识，对oCPA广告成本达成率、起量等多个关键指标进行垂直行业的问题分析和定位，研发行业算法策略，包括但不限于设计和实现广告起量策略、分行业模型校准、行业EE算法等，进行召回/粗排/精排全链路优化，提升行业效果和收入
25926-机器学习工程师,IEG ," 深圳,中国 ", 技术 ,2021/9/29,"负责通用黑产识别，UGC黑产对抗，黑产防绕过分析与挖掘
负责腾讯游戏信用算法开发与运营
负责未保租号绕过识别与对抗"
26699-智慧零售研发中心后台leader（深圳）,CSIG ," 深圳,中国 ", 技术 ,2021/9/29,"负责智慧零售项目研发，依据业务战略规划，落地具体产品，制定团队的技术规划和发展方向；
规划团队的技术以及业务发展方向、重大技术方案选型以及技术氛围的建设。"
26699-智慧零售数据中心高级算法工程师（营销方向）,CSIG ," 深圳,中国 ", 技术 ,2021/9/29,"1、承担机器学习和算法研发，包含但不限于社交网络挖掘、复购预测、潜客挖掘等，负责特征优化、建模和模型优化及在实际业务中的落地；
2、各种增长策略研究与探索，并跟进营销策略产品化。"
26699-智慧零售研发中心副总监,CSIG ," 深圳,中国 ", 技术 ,2021/9/29,"业务上，负责指导以下其中一个方向，营销云方向、云mall方向、devops方向的技术以及业务建设；
1 营销云方向：在大数据应用，数据采集、ETL，挖掘、分析、算法上有全流程建设经验，能够帮助企业完成数字化度量以及效果提升；
2 云mall方向：在saas 电商领域有落地经验，对业务流程熟悉，落地过大量商家、用户Saas商城建设经验，有业务抽象能力经验，能够指导团队完成saas商城建设；
3 devops方向，负责研发效能相关流程、工具、的建设以及公司平台的对接，致力于提升基础的研发效率，提升研发质量；"
28603-微信支付交易清算后台开发工程师,WXG ," 深圳,中国 ", 技术 ,2021/9/29,负责微信支付交易清算系统的架构设计和开发，打造高可用、高正确性、高一致性、零差错的海量交易资金处理平台，为亿万客户提供稳定的交易结算、退款、分账等支付服务。
TEG09-Elasticsearch高级研发工程师,TEG ," 深圳,中国 ", 技术 ,2021/9/29,"负责腾讯Elasticsearch内核的架构优化、新特性开发；
负责预研分布式存储系统、NoSQL等相关技术，推动Elasticsearch技术发展；
负责腾讯Elasticsearch产品的运营建设、日常维护；"
38663-Devops后台开发工程师,PCG ," 深圳,中国 ", 技术 ,2021/9/29,"责 PCG 社交平台与应用线工程效能自动化工具以及在线运营和监控平台的开发
负责参与研发流程的优化和落地, 针对研发流程的痛点, 制定工具和解决方案"
40836-A/BTest实验平台-后台Tech Lead（北京&深圳）,PCG ," 北京,中国 ", 技术 ,2021/9/29,"负责基础架构或工具平台的整体技术路线和架构走向，研究和引入新的技术、方法和组件；
负责基础架构组件或工具平台的研发、搭建及核心代码编写；
负责带领团队解决项目开发中的技术难点；
有技术视野，深入技术细节，乐于接受各种技术挑战。"
CSIG15-智能平台产品部-评测算法工程师（北京）,CSIG ," 北京,中国 ", 技术 ,2021/9/29,负责教育AI算法研发，包括其中一个或多个方向：中英文口语评测，英文作文纠错及批改，英语口语考试系统等；跟踪语音评测、自然语言处理、机器学习等方向的前沿算法，并落地项目优化。
CSIG15-智能平台产品部-智能硬件质量工程师,CSIG ," 深圳,中国 ", 技术 ,2021/9/29,"负责智能硬件质量管理体系搭建与运行管理，建立质量计划并进行过程管控； 
把控产品生产过程中的质量、交付以及供应商管理，保证生产通过率的情况下提升生产效率；
进行关键物料质量管控，并与硬件工程师合作把控核心物料备选方案及供应链； 
处理重大品质异常，对重大质量事故进行分析，解决问题以确保产品按期交付； 
将研发、生产以及实验室品质等质量体系进行整合； 
承担硬件研发过程中的数据度量与分析,如硬件指标的CP、CPQ统计等，监管量产阶段质量数据与生产情况并提供周报与月报；
负责包括包装、附件等硬件，降低用户由于硬件的退机率，负责与售后接口，负责产品封样； 
完善硬件质量管理体系，包括主导质量协议签署、出厂质量标准，供应商器件质量标准，生产过程要求与质量标准等；
考察外包工厂加工生产能力，工厂质量体系等并提供考察报告与判断结论；
参与产品前期概念阶段质量评估，输出如DFEMA等报告。"
CSIG15-智能平台产品部--腾讯教育AI应用高级前端工程师（深圳）,CSIG ," 深圳,中国 ", 技术 ,2021/9/29,"1、负责腾讯云小微语音助手音视频，虚拟人等高性能跨平台前端组件的设计与研发落地。
2、负责腾讯云小微开放平台以及运营平台的前后端研发落地。
3、负责腾讯云小微教育场景，AI助教、智能作业、资源中心等产品前端H5页面、小程序的研发工作
4、参与日常产品特性讨论，评估项目可行性。优化用户体验，包括但不限于：业务流程、交互、性能、安全等；
 5、跟踪业界前沿技术JS框架开展预研和应用，并能引入团队提升质量和效率，建设公共库和工具链，引领团队成员的技能提升和成长。
 6、优化开发框架并制定开发规范，参与制定技术标准，编写相应的技术文档，对通用技术进行整理出最佳实践；
 "
CSIG15-智能平台产品部--腾讯教育AI应用研发工程师（深圳）,CSIG ," 深圳,中国 ", 技术 ,2021/9/29,"1、腾讯翻译君、腾讯云小微语音助手、腾讯教育应用平台、智能题库，AI推题引擎的架构设计及研发工作，确保海量用户下平台的高可用与高扩展性；
2、腾讯翻译君、腾讯云小微海量用户的大数据平台建设与大数据分析；
3、精准教学&知识图谱、资源存储与搜索、自适应推荐、客服机器人等AI系统的技术规划、架构设计及方案实现，高性能私有化部署流水线的建设。"
25667-数据分析与销售增长,CSIG ," 深圳,中国 ", 技术 ,2021/9/29,"1、分析销售订单及产品数据建立算法模型提升销售效率，解析产品功能能力与客户场景需求及其匹配模型，以此搭建数字化销售推荐体系。
2、基于客户全景和全链条经营数据分析，发掘新的销售机会、新的营销模式、新的市场商业机会，不断拓宽团队营销边界。 "
WXG01-微信基础业务数据分析师（广州）,WXG ," 广州,中国 ", 技术 ,2021/9/29,"参与微信账号、通讯、社交等业务的数据分析工作，如朋友圈、群聊、关系链、状态、表情、音视频、搜索等产品；
制定产品功能的数据采集方案，并搭建产品的数据指标体系； 
监测业务的日常数据，关注数据波动并能够及时分析和解读数据异动；
针对产品和运营相关的业务问题，能够进行量化分析和数据建模，并提出优化策略；
设计和分析A/B Testing实验以验证策略有效性，辅助业务决策。"
WXG01-微信视频号直播高级数据分析师（广州/深圳）,WXG ," 广州,中国 ", 技术 ,2021/9/29,"负责微信视频号直播相关的数据分析工作；
基于对直播业务的支持和理解，搭建可准确反映业务状况的数据指标体系；
挖掘业务问题和痛点，为产品、运营、推荐、增长等团队提供价值论证、方案迭代、效果评估等全流程数据支持工作；
推动直播各垂类的内容生态优化；
研究直播变现能力，助力商业化场景的营收。"
WXG01-微信视频号投放算法工程师（广州/深圳）,WXG ," 广州,中国 ", 技术 ,2021/9/29,"参与微信视频号和直播的微信内投放系统算法相关工作，在多个场景中实现精准的内容定向；
应用前沿的深度学习技术，提升投放CTR模型预估精度；
从海量数据中，挖掘用户与内容的意图兴趣和向量表达，优化触发、定向、召回等各个阶段的效果。"
WXG01-微信视频号投放算法工程师（广州/深圳）（深圳）,WXG ," 深圳,中国 ", 技术 ,2021/9/29,"参与微信视频号和直播的微信内投放系统算法相关工作，在多个场景中实现精准的内容定向；
应用前沿的深度学习技术，提升投放CTR模型预估精度；
从海量数据中，挖掘用户与内容的意图兴趣和向量表达，优化触发、定向、召回等各个阶段的效果。"
WXG01-微信视频号用户画像算法工程师（广州/深圳）,WXG ," 广州,中国 ", 技术 ,2021/9/29,"负责微信基础、视频号、直播的用户画像建设，持续挖掘新的特征用于各个推荐场景；
助力视频号、直播的推荐系统和增长投放系统，持续优化用户表征以提高用户活跃指标。"
WXG01-微信视频号用户画像算法工程师（广州/深圳）（深圳）,WXG ," 深圳,中国 ", 技术 ,2021/9/29,"负责微信基础、视频号、直播的用户画像建设，持续挖掘新的特征用于各个推荐场景；
助力视频号、直播的推荐系统和增长投放系统，持续优化用户表征以提高用户活跃指标。"
WXG01-微信视频号内容理解CV/NLP算法工程师（广州/深圳）,WXG ," 广州,中国 ", 技术 ,2021/9/29,"负责微信视频号、直播的内容理解相关工作，提供精准的分类、关键词、质量、时效性、聚类id等各种标签；
助力视频号、直播的推荐系统和增长投放系统，持续优化内容表征以提高用户活跃指标。"
WXG01-微信视频号内容理解CV/NLP算法工程师（广州/深圳）（深圳）,WXG ," 深圳,中国 ", 技术 ,2021/9/29,"负责微信视频号、直播的内容理解相关工作，提供精准的分类、关键词、质量、时效性、聚类id等各种标签；
助力视频号、直播的推荐系统和增长投放系统，持续优化内容表征以提高用户活跃指标。"
40836-数据决策中台后台开发TechLead/组长（深圳&北京）,PCG ," 深圳,中国 ", 技术 ,2021/9/29,"1.负责数据决策中台的后台研发，打造业界领先数据决策中台（AB实验平台），负责整个平台的微服务化、架构设计、方案设计和落地实施；
2. 负责持续改善已有服务，发现系统薄弱点，提供稳定、鲁棒的服务；
3. 负责高质量的设计和编码，承担重点、难点的技术攻坚；
4. 参与制定代码规范、研发流程，建设内部技术氛围；
5. 参与产品讨论和开发实现；
6. 负责初、中级工程师的培养。"
20503-腾讯云AI平台云原生资深研发工程师（上海）（深圳）,CSIG ," 深圳,中国 ", 技术 ,2021/9/29,"工作职责
1.负责腾讯云大规模AI分布式训练平台技术架构的设计和开发实现；
2.负责腾讯云大规模AI分布式推理应用平台的k8s调度，资源管理，GPU虚拟化，存储插件等组件开发和架构优化；
3.负责腾讯云大规模AI平台在公有云及私有化等复杂场景下商业化落地；实现多中心高可用、完善可观测系统、保证AI平台稳定性；"
20503-腾讯云AI平台云原生资深研发工程师（上海）（上海）,CSIG ," 上海,中国 ", 技术 ,2021/9/29,"工作职责
1.负责腾讯云大规模AI分布式训练平台技术架构的设计和开发实现；
2.负责腾讯云大规模AI分布式推理应用平台的k8s调度，资源管理，GPU虚拟化，存储插件等组件开发和架构优化；
3.负责腾讯云大规模AI平台在公有云及私有化等复杂场景下商业化落地；实现多中心高可用、完善可观测系统、保证AI平台稳定性；"
27261-WEB前端开发,S1 ," 北京,中国 ", 技术 ,2021/9/29,"负责舆情相关平台前台技术研发工作；
参与平台前端架构设计、评审和研发工作，平台易用性与用户体验的持续改进，WEB前沿技术研究和新技术调研。"
18428-金融科技高级支付后台开发工程师（深圳）,CDG ," 深圳,中国 ", 技术 ,2021/9/29,负责腾讯支付与金融业务系统的需求分析、架构设计、编码等研发工作，对项目实施过程中遇到的技术问题进行分析和解决；负责腾讯支付创新业务的预研和创新探索研究。
41074-高级web前端开发工程师,CSIG ," 深圳,中国 ", 技术 ,2021/9/29,"1. 负责腾讯云域名产品（DNSPod）的系统架构设计和研发
2. 负责域名管理相关功能的实现，包括域名注册，解析和证书等相关开发
3. 负责跨端开发，node接入层以及Discuz！系列产品的开发"
WXG02-133 微信小程序运维工程师（广州）,WXG ," 广州,中国 ", 技术 ,2021/9/29,团队负责小程序平台运维工作，保障平台服务稳定，接入质量，应对新场景新需求，持续分析优化系统性能。
18436-数据建模高级工程师,CDG ," 深圳,中国 ", 技术 ,2021/9/28,"1. 负责金融类业务的业务趋势监控、用户洞察分析，与业务紧密协作，帮助业务管理资金、运营用户，提升效果
2.  负责资金流动性预测、实时资金模拟、最优化分配策略等数据建模工作，保障资金管理和用户运营工作，提升效率
3.  跟踪业界前沿方法、积累沉淀能力，建立资金业务监控、用户洞察、资金监控预测等体系和方法并持续提升"
40838-运维安全工程师,PCG ," 深圳,中国 ", 技术 ,2021/9/28,"1、主要负责PCG主机/系统/容器运维安全机制的改进和持续运营保障
2、负责运维安全合规评估与改造措施的执行
3、负责混合云资产/服务管理
4、协助进行PCG安全风险整体评估，综合业务特点制定安全加固方案，并推动落地"
40835-推荐算法资深工程师/专家（北京/深圳）,PCG ," 深圳,中国 ", 技术 ,2021/9/28,"● 计算机或相关专业硕士以上学历, 5年以上互联网工作经验, 3年以上推荐相关工作经验; 
● 出色的代码能力, 对常用数据结构和算法有较为深刻的理解; 熟练使用Python/Shell/C++等语言; 熟练使用一种或几种深度学习框架（如tensorflow、pytorch等); 
● 熟练掌握机器学习,深度学习的基础理论和方法; 熟练推荐/广告等业务常用理论和算法,在一个或多个领域(如排序模型,召回模型等)有3年以上实际工作经验; 
● 良好的沟通能力与团队协作能力, 优秀的分析和解决问题的能力, 对挑战性问题充满激情；善于分析问题，发现问题，解决问题；
● 有较强的研究能力，如在领域顶级会议发表过高质量论文者优先。"
15605-图形/引擎开发工程师,IEG ," 深圳,中国 ", 技术 ,2021/9/28,"负责图形渲染管线及具体特性的技术研发，和技术美术紧密合作，增强画面品质，分析并解决相关性能问题；
负责渲染流程以及算法的优化，保障产品的渲染性能；
负责图形兼容性分析以及疑难问题的分析定位工作；
紧跟业界技术发展，预研前沿方案，将新技术应用落地到产品中并且产生实际价值。"
41071-腾讯会议web前端高级研发工程师(深圳/广州),CSIG ," 深圳,中国 ", 技术 ,2021/9/28,"1. 负责腾讯会议产品Web及小程序端业务设计和开发；
2. 负责Web及小程序端的稳定性及性能优化；
3. 负责页面样式、布局优化；
4. 负责腾讯会议Web相关的技术预研等；
5. 负责腾讯会议前端打包流程的优化；
6. 负责腾讯会议前端工作流程的完善，提升Web前端研发团队的工作效率；"
WXG02-微信基础架构前端开发工程师（广州）,WXG ," 广州,中国 ", 技术 ,2021/9/28,"在机器学习算法的应用场景中，开发和维护相应的分布式基础组件 featurekv,simsvr,weps,wegraph 等，满足视频号、微信支付、小程序、账号安全等业务的需求；
建设组件的运营系统，降低组件的维护成本；
建设组件的数据可视化能力，提升组件的易用性。"
23295-增长协同部-应用开发工程师,IEG ," 深圳,中国 ", 技术 ,2021/9/28,"1、参与IEG增长中台公共平台系统的技术架构选型和技术方案设计
2、参与提升中台研发效率和助力增长业务持续发展等协同提效工具平台建设、重构和优化
3、对增长中台公共技术和解决方案进行探索和沉淀"
